Flight_ID,Airline,Origin,Destination,Scheduled_Departure,Actual_Departure,Scheduled_Arrival,Actual_Arrival,Runway,Aircraft,Status,Delay_Minutes
I5717,Vistara,BOM,PNQ,2023-08-02 16:58,2023-08-02 17:28,2023-08-02 19:05,2023-08-02 19:42,RWY14,A320,Delayed,30
6E561,Air India,BOM,CCU,2023-08-06 19:17,2023-08-06 19:32,2023-08-06 20:19,2023-08-06 20:42,RWY27,B737,Delayed,15
I5656,AirAsia,BOM,BLR,2023-08-06 21:22,2023-08-06 21:27,2023-08-06 23:01,2023-08-06 23:12,RWY27,B737,On-time,5
UK778,Vistara,BOM,BLR,2023-08-07 22:58,2023-08-07 22:58,2023-08-08 00:30,2023-08-08 00:36,RWY27,B737,On-time,0
UK605,SpiceJet,BOM,BLR,2023-08-05 14:12,2023-08-05 14:17,2023-08-05 16:23,2023-08-05 16:36,RWY27,ATR72,On-time,5
6E970,Vistara,BOM,AMD,2023-08-06 07:05,2023-08-06 07:05,2023-08-06 09:07,2023-08-06 09:12,RWY14,A321,On-time,0
G8146,GoAir,BOM,BLR,2023-08-04 20:28,2023-08-04 20:38,2023-08-04 21:58,2023-08-04 22:14,RWY27,A320,Delayed,10
G8841,GoAir,BOM,BLR,2023-08-04 23:56,2023-08-05 00:11,2023-08-05 01:56,2023-08-05 02:15,RWY27,A320,Delayed,15
G8475,Vistara,BOM,IXC,2023-08-04 10:22,2023-08-04 10:27,2023-08-04 11:33,2023-08-04 11:46,RWY27,A321,On-time,5
6E960,IndiGo,BOM,HYD,2023-08-06 12:11,2023-08-06 12:11,2023-08-06 13:41,2023-08-06 13:39,RWY27,B737,On-time,0
6E219,GoAir,BOM,AMD,2023-08-01 12:03,2023-08-01 12:13,2023-08-01 13:25,2023-08-01 13:33,RWY27,B737,Delayed,10
6E503,GoAir,BOM,IXC,2023-08-03 20:42,2023-08-03 20:42,2023-08-03 22:26,2023-08-03 22:31,RWY14,A320,Cancelled,0
G8844,GoAir,BOM,IXC,2023-08-06 09:43,2023-08-06 09:53,2023-08-06 11:01,2023-08-06 11:06,RWY27,ATR72,Delayed,10
I5240,IndiGo,BOM,IXC,2023-08-06 07:37,2023-08-06 07:37,2023-08-06 08:37,2023-08-06 08:35,RWY27,A321,On-time,0
UK811,AirAsia,BOM,IXC,2023-08-02 09:04,2023-08-02 09:04,2023-08-02 10:11,2023-08-02 10:13,RWY14,ATR72,On-time,0
I5736,GoAir,BOM,GOI,2023-08-01 18:38,2023-08-01 18:43,2023-08-01 20:17,2023-08-01 20:17,RWY14,A320,On-time,5
UK541,Vistara,BOM,IXC,2023-08-05 05:54,2023-08-05 06:04,2023-08-05 07:14,2023-08-05 07:34,RWY27,A321,Delayed,10
SG143,AirAsia,BOM,BLR,2023-08-07 01:28,2023-08-07 01:28,2023-08-07 02:42,2023-08-07 02:43,RWY14,A320,Cancelled,0
AI892,Air India,BOM,GOI,2023-08-02 17:43,2023-08-02 17:58,2023-08-02 19:50,2023-08-02 20:05,RWY14,A320,Delayed,15
UK676,Vistara,BOM,PNQ,2023-08-03 04:25,2023-08-03 04:55,2023-08-03 05:38,2023-08-03 06:07,RWY27,ATR72,Delayed,30
I5169,Vistara,BOM,AMD,2023-08-06 12:37,2023-08-06 12:47,2023-08-06 14:57,2023-08-06 15:16,RWY14,A320,Delayed,10
6E705,AirAsia,BOM,CCU,2023-08-04 12:20,2023-08-04 12:20,2023-08-04 13:43,2023-08-04 13:41,RWY14,B737,On-time,0
I5599,GoAir,BOM,HYD,2023-08-03 02:20,2023-08-03 02:25,2023-08-03 03:33,2023-08-03 03:41,RWY14,B737,On-time,5
UK944,IndiGo,BOM,BLR,2023-08-07 03:34,2023-08-07 03:34,2023-08-07 04:53,2023-08-07 04:50,RWY14,A321,On-time,0
UK734,IndiGo,BOM,DEL,2023-08-04 15:15,2023-08-04 15:15,2023-08-04 16:50,2023-08-04 16:48,RWY14,ATR72,On-time,0
UK834,Air India,BOM,MAA,2023-08-03 03:40,2023-08-03 03:40,2023-08-03 04:45,2023-08-03 04:40,RWY27,A321,On-time,0
AI517,SpiceJet,BOM,GOI,2023-08-01 08:01,2023-08-01 08:06,2023-08-01 09:13,2023-08-01 09:21,RWY14,A321,On-time,5
G8187,SpiceJet,BOM,HYD,2023-08-07 09:05,2023-08-07 09:05,2023-08-07 10:48,2023-08-07 10:55,RWY14,A321,On-time,0
G8337,Vistara,BOM,DEL,2023-08-01 22:32,2023-08-01 22:47,2023-08-02 00:01,2023-08-02 00:19,RWY27,B737,Delayed,15
AI408,GoAir,BOM,IXC,2023-08-02 12:34,2023-08-02 13:04,2023-08-02 14:56,2023-08-02 15:32,RWY14,A321,Delayed,30
AI414,GoAir,BOM,IXC,2023-08-05 15:30,2023-08-05 15:35,2023-08-05 17:02,2023-08-05 17:12,RWY27,ATR72,On-time,5
AI646,AirAsia,BOM,BLR,2023-08-04 17:57,2023-08-04 18:27,2023-08-04 19:36,2023-08-04 20:05,RWY27,A320,Delayed,30
UK442,Air India,BOM,GOI,2023-08-01 22:45,2023-08-01 23:00,2023-08-02 00:21,2023-08-02 00:42,RWY14,A321,Delayed,15
SG514,GoAir,BOM,AMD,2023-08-01 15:49,2023-08-01 16:49,2023-08-01 17:17,2023-08-01 18:15,RWY14,B737,Delayed,60
6E826,Air India,BOM,DEL,2023-08-05 06:15,2023-08-05 06:30,2023-08-05 07:34,2023-08-05 07:54,RWY14,ATR72,Delayed,15
I5799,Vistara,BOM,MAA,2023-08-02 07:21,2023-08-02 07:21,2023-08-02 08:33,2023-08-02 08:37,RWY27,A320,On-time,0
I5730,Vistara,BOM,GOI,2023-08-06 13:38,2023-08-06 14:38,2023-08-06 14:50,2023-08-06 15:46,RWY14,A321,Delayed,60
SG338,AirAsia,BOM,BLR,2023-08-05 19:27,2023-08-05 19:37,2023-08-05 20:35,2023-08-05 20:53,RWY27,A321,Delayed,10
UK820,IndiGo,BOM,CCU,2023-08-01 06:47,2023-08-01 06:47,2023-08-01 09:12,2023-08-01 09:09,RWY27,A321,On-time,0
G8983,Air India,BOM,BLR,2023-08-03 00:56,2023-08-03 01:01,2023-08-03 03:07,2023-08-03 03:22,RWY14,ATR72,On-time,5
I5165,GoAir,BOM,GOI,2023-08-04 03:49,2023-08-04 03:54,2023-08-04 05:43,2023-08-04 05:51,RWY14,A320,On-time,5
6E910,Vistara,BOM,CCU,2023-08-01 11:34,2023-08-01 12:34,2023-08-01 13:56,2023-08-01 14:54,RWY27,A320,Delayed,60
SG123,Air India,BOM,MAA,2023-08-01 23:30,2023-08-01 23:35,2023-08-02 01:46,2023-08-02 01:53,RWY14,A320,On-time,5
SG913,GoAir,BOM,HYD,2023-08-06 10:28,2023-08-06 10:28,2023-08-06 11:43,2023-08-06 11:50,RWY27,A321,On-time,0
AI325,SpiceJet,BOM,IXC,2023-08-03 03:22,2023-08-03 03:22,2023-08-03 04:27,2023-08-03 04:35,RWY14,A320,On-time,0
UK194,GoAir,BOM,MAA,2023-08-07 20:22,2023-08-07 20:22,2023-08-07 22:12,2023-08-07 22:12,RWY14,B737,On-time,0
G8505,SpiceJet,BOM,CCU,2023-08-04 10:10,2023-08-04 10:25,2023-08-04 12:36,2023-08-04 12:51,RWY14,ATR72,Delayed,15
AI572,Air India,BOM,HYD,2023-08-05 09:37,2023-08-05 09:37,2023-08-05 11:45,2023-08-05 11:40,RWY14,A321,On-time,0
UK884,GoAir,BOM,DEL,2023-08-05 11:26,2023-08-05 11:36,2023-08-05 13:13,2023-08-05 13:33,RWY14,B737,Delayed,10
I5290,IndiGo,BOM,IXC,2023-08-04 14:19,2023-08-04 14:19,2023-08-04 16:20,2023-08-04 16:21,RWY27,A321,On-time,0
UK136,Vistara,BOM,AMD,2023-08-01 13:22,2023-08-01 13:37,2023-08-01 15:01,2023-08-01 15:22,RWY14,ATR72,Delayed,15
AI104,IndiGo,BOM,HYD,2023-08-07 19:53,2023-08-07 19:53,2023-08-07 22:02,2023-08-07 22:06,RWY27,B737,On-time,0
UK184,Vistara,BOM,GOI,2023-08-03 00:54,2023-08-03 00:59,2023-08-03 03:07,2023-08-03 03:21,RWY27,B737,On-time,5
UK307,Air India,BOM,DEL,2023-08-04 02:46,2023-08-04 02:51,2023-08-04 04:43,2023-08-04 04:48,RWY27,A320,On-time,5
G8477,GoAir,BOM,AMD,2023-08-06 19:40,2023-08-06 19:40,2023-08-06 21:11,2023-08-06 21:12,RWY27,B737,On-time,0
UK899,AirAsia,BOM,CCU,2023-08-05 09:29,2023-08-05 09:39,2023-08-05 10:46,2023-08-05 11:01,RWY27,ATR72,Delayed,10
6E537,GoAir,BOM,BLR,2023-08-05 11:06,2023-08-05 11:36,2023-08-05 12:37,2023-08-05 13:16,RWY27,A321,Delayed,30
G8159,Air India,BOM,CCU,2023-08-02 21:27,2023-08-02 21:32,2023-08-02 23:10,2023-08-02 23:22,RWY27,A321,On-time,5
AI416,IndiGo,BOM,MAA,2023-08-07 02:52,2023-08-07 03:52,2023-08-07 04:47,2023-08-07 05:56,RWY14,B737,Delayed,60
G8529,GoAir,BOM,HYD,2023-08-06 12:05,2023-08-06 12:15,2023-08-06 14:07,2023-08-06 14:20,RWY27,A320,Delayed,10
AI446,AirAsia,BOM,CCU,2023-08-06 00:09,2023-08-06 00:19,2023-08-06 02:36,2023-08-06 02:51,RWY27,A321,Delayed,10
AI620,AirAsia,BOM,BLR,2023-08-01 05:03,2023-08-01 05:18,2023-08-01 06:22,2023-08-01 06:36,RWY27,A320,Delayed,15
I5478,Vistara,BOM,IXC,2023-08-04 17:29,2023-08-04 17:34,2023-08-04 19:21,2023-08-04 19:32,RWY14,ATR72,On-time,5
AI302,GoAir,BOM,AMD,2023-08-02 02:02,2023-08-02 02:12,2023-08-02 03:31,2023-08-02 03:47,RWY14,A320,Delayed,10
UK929,IndiGo,BOM,GOI,2023-08-05 14:06,2023-08-05 14:11,2023-08-05 15:37,2023-08-05 15:47,RWY14,A321,On-time,5
SG724,Vistara,BOM,MAA,2023-08-04 23:18,2023-08-04 23:48,2023-08-05 01:38,2023-08-05 02:07,RWY14,B737,Delayed,30
6E875,SpiceJet,BOM,MAA,2023-08-06 07:07,2023-08-06 07:17,2023-08-06 08:14,2023-08-06 08:30,RWY14,ATR72,Delayed,10
G8984,Air India,BOM,CCU,2023-08-01 23:12,2023-08-02 00:12,2023-08-02 01:19,2023-08-02 02:16,RWY27,A321,Delayed,60
6E439,IndiGo,BOM,DEL,2023-08-05 20:56,2023-08-05 20:56,2023-08-05 22:54,2023-08-05 22:51,RWY27,B737,On-time,0
I5983,SpiceJet,BOM,PNQ,2023-08-02 01:05,2023-08-02 02:05,2023-08-02 02:51,2023-08-02 03:49,RWY27,A320,Delayed,60
G8718,GoAir,BOM,CCU,2023-08-06 08:35,2023-08-06 08:50,2023-08-06 09:39,2023-08-06 09:56,RWY14,A321,Delayed,15
I5667,Air India,BOM,PNQ,2023-08-01 14:20,2023-08-01 14:30,2023-08-01 15:44,2023-08-01 16:00,RWY14,A320,Delayed,10
UK530,SpiceJet,BOM,CCU,2023-08-06 14:54,2023-08-06 15:24,2023-08-06 16:36,2023-08-06 17:13,RWY14,B737,Delayed,30
6E296,Air India,BOM,CCU,2023-08-03 23:28,2023-08-03 23:38,2023-08-04 01:34,2023-08-04 01:41,RWY14,A320,Delayed,10
UK877,GoAir,BOM,DEL,2023-08-06 11:10,2023-08-06 11:10,2023-08-06 12:37,2023-08-06 12:38,RWY14,A321,On-time,0
6E910,Air India,BOM,IXC,2023-08-07 15:00,2023-08-07 15:10,2023-08-07 16:28,2023-08-07 16:45,RWY27,B737,Delayed,10
G8382,Air India,BOM,CCU,2023-08-05 02:54,2023-08-05 03:24,2023-08-05 05:07,2023-08-05 05:47,RWY27,A320,Delayed,30
UK172,Air India,BOM,CCU,2023-08-01 16:39,2023-08-01 17:09,2023-08-01 19:04,2023-08-01 19:38,RWY14,ATR72,Delayed,30
I5303,IndiGo,BOM,GOI,2023-08-02 12:41,2023-08-02 12:41,2023-08-02 15:03,2023-08-02 15:02,RWY27,ATR72,On-time,0
UK797,Vistara,BOM,MAA,2023-08-06 16:31,2023-08-06 16:31,2023-08-06 17:59,2023-08-06 17:57,RWY14,A321,On-time,0
SG820,Air India,BOM,AMD,2023-08-03 14:28,2023-08-03 14:38,2023-08-03 16:12,2023-08-03 16:26,RWY27,A321,Delayed,10
AI199,IndiGo,BOM,HYD,2023-08-01 18:52,2023-08-01 18:52,2023-08-01 20:28,2023-08-01 20:23,RWY14,B737,On-time,0
UK163,IndiGo,BOM,DEL,2023-08-01 11:31,2023-08-01 11:31,2023-08-01 13:45,2023-08-01 13:55,RWY27,ATR72,On-time,0
6E971,AirAsia,BOM,IXC,2023-08-01 10:07,2023-08-01 10:17,2023-08-01 11:42,2023-08-01 11:47,RWY27,B737,Delayed,10
SG784,Air India,BOM,AMD,2023-08-05 13:17,2023-08-05 13:27,2023-08-05 14:21,2023-08-05 14:39,RWY27,A321,Delayed,10
G8227,SpiceJet,BOM,IXC,2023-08-02 06:37,2023-08-02 06:37,2023-08-02 09:04,2023-08-02 08:59,RWY14,A321,On-time,0
AI745,Vistara,BOM,AMD,2023-08-06 17:24,2023-08-06 17:24,2023-08-06 18:50,2023-08-06 18:46,RWY27,A320,On-time,0
UK723,AirAsia,BOM,CCU,2023-08-06 00:08,2023-08-06 00:18,2023-08-06 01:30,2023-08-06 01:36,RWY27,A320,Delayed,10
UK178,GoAir,BOM,MAA,2023-08-05 22:08,2023-08-05 22:13,2023-08-06 00:00,2023-08-06 00:15,RWY14,A321,On-time,5
G8884,SpiceJet,BOM,HYD,2023-08-01 09:29,2023-08-01 09:34,2023-08-01 11:50,2023-08-01 11:59,RWY14,ATR72,On-time,5
SG683,AirAsia,BOM,CCU,2023-08-05 16:49,2023-08-05 16:59,2023-08-05 19:04,2023-08-05 19:16,RWY27,A320,Delayed,10
AI668,SpiceJet,BOM,PNQ,2023-08-03 01:48,2023-08-03 01:53,2023-08-03 02:49,2023-08-03 03:02,RWY27,ATR72,On-time,5
I5634,SpiceJet,BOM,IXC,2023-08-07 07:33,2023-08-07 07:48,2023-08-07 09:45,2023-08-07 09:59,RWY14,B737,Delayed,15
G8173,Air India,BOM,HYD,2023-08-06 19:15,2023-08-06 19:15,2023-08-06 21:20,2023-08-06 21:15,RWY27,ATR72,On-time,0
AI547,Air India,BOM,AMD,2023-08-02 11:50,2023-08-02 12:00,2023-08-02 13:13,2023-08-02 13:19,RWY14,A321,Delayed,10
6E169,Vistara,BOM,MAA,2023-08-02 04:38,2023-08-02 04:53,2023-08-02 06:59,2023-08-02 07:13,RWY27,B737,Delayed,15
G8441,IndiGo,BOM,MAA,2023-08-06 17:42,2023-08-06 18:12,2023-08-06 19:00,2023-08-06 19:32,RWY14,A320,Delayed,30
SG794,GoAir,BOM,BLR,2023-08-05 17:04,2023-08-05 17:09,2023-08-05 18:39,2023-08-05 18:50,RWY27,A320,On-time,5
G8938,Air India,BOM,AMD,2023-08-02 00:49,2023-08-02 00:49,2023-08-02 02:26,2023-08-02 02:32,RWY14,B737,On-time,0
UK374,GoAir,BOM,BLR,2023-08-05 10:22,2023-08-05 10:22,2023-08-05 12:47,2023-08-05 12:53,RWY27,A320,On-time,0
I5905,SpiceJet,BOM,HYD,2023-08-07 17:06,2023-08-07 17:21,2023-08-07 19:12,2023-08-07 19:25,RWY14,A321,Delayed,15
AI629,AirAsia,BOM,AMD,2023-08-05 13:06,2023-08-05 13:11,2023-08-05 14:31,2023-08-05 14:32,RWY27,A321,On-time,5
SG681,SpiceJet,BOM,IXC,2023-08-03 19:49,2023-08-03 19:54,2023-08-03 21:52,2023-08-03 22:07,RWY14,A320,On-time,5
UK278,GoAir,BOM,IXC,2023-08-06 00:59,2023-08-06 01:09,2023-08-06 03:09,2023-08-06 03:18,RWY27,A320,Delayed,10
UK463,IndiGo,BOM,BLR,2023-08-06 06:06,2023-08-06 06:21,2023-08-06 07:38,2023-08-06 07:52,RWY14,B737,Delayed,15
SG262,IndiGo,BOM,MAA,2023-08-02 02:18,2023-08-02 02:28,2023-08-02 03:25,2023-08-02 03:33,RWY14,B737,Delayed,10
G8300,IndiGo,BOM,IXC,2023-08-02 17:14,2023-08-02 17:19,2023-08-02 18:27,2023-08-02 18:29,RWY27,B737,On-time,5
I5330,IndiGo,BOM,HYD,2023-08-07 22:16,2023-08-07 22:26,2023-08-07 23:54,2023-08-08 00:05,RWY14,A321,Delayed,10
SG748,AirAsia,BOM,AMD,2023-08-02 04:42,2023-08-02 04:57,2023-08-02 06:21,2023-08-02 06:33,RWY14,B737,Delayed,15
AI767,Vistara,BOM,DEL,2023-08-04 02:49,2023-08-04 02:49,2023-08-04 03:49,2023-08-04 03:44,RWY14,B737,On-time,0
G8718,Air India,BOM,GOI,2023-08-03 10:05,2023-08-03 10:20,2023-08-03 11:22,2023-08-03 11:44,RWY14,A321,Delayed,15
UK433,Air India,BOM,IXC,2023-08-06 02:35,2023-08-06 02:40,2023-08-06 04:53,2023-08-06 05:07,RWY27,B737,On-time,5
AI594,Vistara,BOM,GOI,2023-08-06 08:27,2023-08-06 08:57,2023-08-06 10:02,2023-08-06 10:40,RWY27,A320,Delayed,30
AI631,SpiceJet,BOM,AMD,2023-08-04 23:38,2023-08-04 23:53,2023-08-05 01:10,2023-08-05 01:26,RWY27,A320,Delayed,15
I5806,AirAsia,BOM,AMD,2023-08-04 07:43,2023-08-04 07:48,2023-08-04 09:51,2023-08-04 10:01,RWY14,A321,On-time,5
6E838,Vistara,BOM,HYD,2023-08-06 18:21,2023-08-06 18:21,2023-08-06 19:42,2023-08-06 19:51,RWY14,A320,On-time,0
UK729,Air India,BOM,DEL,2023-08-05 20:29,2023-08-05 20:39,2023-08-05 22:17,2023-08-05 22:27,RWY27,A321,Delayed,10
I5135,Vistara,BOM,MAA,2023-08-02 21:51,2023-08-02 21:51,2023-08-02 23:50,2023-08-02 23:47,RWY27,ATR72,On-time,0
6E181,Vistara,BOM,GOI,2023-08-02 14:44,2023-08-02 16:44,2023-08-02 15:47,2023-08-02 17:57,RWY27,ATR72,Delayed,120
SG710,GoAir,BOM,DEL,2023-08-01 15:26,2023-08-01 15:41,2023-08-01 17:42,2023-08-01 18:06,RWY27,B737,Delayed,15
6E630,Air India,BOM,DEL,2023-08-01 01:47,2023-08-01 02:02,2023-08-01 02:51,2023-08-01 03:11,RWY27,A320,Delayed,15
I5665,Air India,BOM,MAA,2023-08-06 17:15,2023-08-06 17:30,2023-08-06 19:11,2023-08-06 19:35,RWY14,ATR72,Delayed,15
AI340,IndiGo,BOM,CCU,2023-08-07 17:27,2023-08-07 18:27,2023-08-07 19:37,2023-08-07 20:41,RWY27,A321,Delayed,60
SG261,Air India,BOM,BLR,2023-08-02 12:33,2023-08-02 12:38,2023-08-02 14:21,2023-08-02 14:23,RWY14,ATR72,On-time,5
SG938,GoAir,BOM,HYD,2023-08-03 07:44,2023-08-03 08:14,2023-08-03 10:10,2023-08-03 10:38,RWY27,ATR72,Delayed,30
UK323,GoAir,BOM,GOI,2023-08-01 23:43,2023-08-01 23:48,2023-08-02 01:25,2023-08-02 01:38,RWY27,A321,On-time,5
UK782,Air India,BOM,IXC,2023-08-07 10:53,2023-08-07 10:53,2023-08-07 12:44,2023-08-07 12:46,RWY27,ATR72,On-time,0
G8403,GoAir,BOM,HYD,2023-08-01 09:16,2023-08-01 09:21,2023-08-01 11:27,2023-08-01 11:34,RWY27,A321,On-time,5
6E594,IndiGo,BOM,GOI,2023-08-01 16:56,2023-08-01 17:11,2023-08-01 18:21,2023-08-01 18:38,RWY27,A320,Delayed,15
G8299,SpiceJet,BOM,CCU,2023-08-03 23:05,2023-08-03 23:05,2023-08-04 00:06,2023-08-04 00:07,RWY14,A321,On-time,0
AI663,SpiceJet,BOM,HYD,2023-08-04 21:45,2023-08-04 22:00,2023-08-04 23:57,2023-08-05 00:12,RWY14,ATR72,Delayed,15
G8429,Air India,BOM,AMD,2023-08-02 07:46,2023-08-02 08:01,2023-08-02 09:07,2023-08-02 09:26,RWY14,A321,Delayed,15
G8301,SpiceJet,BOM,MAA,2023-08-06 14:01,2023-08-06 14:01,2023-08-06 15:04,2023-08-06 15:09,RWY14,A321,On-time,0
UK783,AirAsia,BOM,IXC,2023-08-06 21:16,2023-08-06 21:31,2023-08-06 23:44,2023-08-07 00:04,RWY14,A320,Delayed,15
G8503,AirAsia,BOM,IXC,2023-08-07 13:56,2023-08-07 13:56,2023-08-07 15:39,2023-08-07 15:43,RWY27,ATR72,On-time,0
AI472,GoAir,BOM,PNQ,2023-08-05 03:41,2023-08-05 03:41,2023-08-05 05:56,2023-08-05 05:54,RWY27,ATR72,On-time,0
I5841,AirAsia,BOM,MAA,2023-08-04 19:16,2023-08-04 20:16,2023-08-04 20:37,2023-08-04 21:42,RWY27,A321,Delayed,60
G8880,GoAir,BOM,IXC,2023-08-06 04:22,2023-08-06 06:22,2023-08-06 06:12,2023-08-06 08:17,RWY14,A321,Delayed,120
UK203,GoAir,BOM,PNQ,2023-08-01 02:52,2023-08-01 02:57,2023-08-01 03:58,2023-08-01 03:59,RWY14,B737,On-time,5
AI312,IndiGo,BOM,HYD,2023-08-07 04:52,2023-08-07 05:07,2023-08-07 06:17,2023-08-07 06:27,RWY27,A321,Delayed,15
I5292,SpiceJet,BOM,BLR,2023-08-02 01:22,2023-08-02 01:32,2023-08-02 02:52,2023-08-02 03:08,RWY27,B737,Cancelled,10
G8668,Vistara,BOM,BLR,2023-08-07 10:28,2023-08-07 10:33,2023-08-07 11:57,2023-08-07 12:10,RWY14,ATR72,On-time,5
G8203,Air India,BOM,HYD,2023-08-05 17:10,2023-08-05 17:15,2023-08-05 19:34,2023-08-05 19:35,RWY14,A320,On-time,5
UK897,IndiGo,BOM,CCU,2023-08-03 07:48,2023-08-03 08:03,2023-08-03 09:42,2023-08-03 10:00,RWY14,ATR72,Delayed,15
I5111,GoAir,BOM,IXC,2023-08-07 02:25,2023-08-07 02:30,2023-08-07 04:28,2023-08-07 04:39,RWY27,B737,On-time,5
SG405,GoAir,BOM,PNQ,2023-08-07 21:36,2023-08-07 21:36,2023-08-07 23:27,2023-08-07 23:24,RWY14,ATR72,On-time,0
6E437,SpiceJet,BOM,PNQ,2023-08-06 00:03,2023-08-06 00:18,2023-08-06 02:07,2023-08-06 02:28,RWY27,ATR72,Delayed,15
AI180,Air India,BOM,PNQ,2023-08-05 03:09,2023-08-05 03:09,2023-08-05 04:12,2023-08-05 04:16,RWY27,B737,On-time,0
6E137,IndiGo,BOM,IXC,2023-08-04 16:05,2023-08-04 16:10,2023-08-04 17:39,2023-08-04 17:39,RWY27,ATR72,On-time,5
AI360,GoAir,BOM,GOI,2023-08-07 23:35,2023-08-08 00:05,2023-08-08 01:13,2023-08-08 01:42,RWY14,B737,Delayed,30
I5698,Vistara,BOM,IXC,2023-08-03 01:15,2023-08-03 01:15,2023-08-03 02:56,2023-08-03 02:59,RWY14,A320,On-time,0
G8245,Vistara,BOM,AMD,2023-08-02 16:13,2023-08-02 16:23,2023-08-02 18:28,2023-08-02 18:34,RWY14,A320,Delayed,10
SG534,IndiGo,BOM,GOI,2023-08-02 07:58,2023-08-02 09:58,2023-08-02 09:56,2023-08-02 12:00,RWY27,ATR72,Delayed,120
SG622,SpiceJet,BOM,PNQ,2023-08-06 11:27,2023-08-06 11:37,2023-08-06 12:50,2023-08-06 13:01,RWY27,A321,Delayed,10
I5598,IndiGo,BOM,DEL,2023-08-07 09:30,2023-08-07 09:35,2023-08-07 11:46,2023-08-07 11:55,RWY27,ATR72,On-time,5
UK646,IndiGo,BOM,DEL,2023-08-05 02:36,2023-08-05 02:36,2023-08-05 03:48,2023-08-05 03:55,RWY27,A321,On-time,0
UK407,SpiceJet,BOM,CCU,2023-08-01 20:21,2023-08-01 20:21,2023-08-01 22:16,2023-08-01 22:16,RWY27,ATR72,On-time,0
AI123,Vistara,BOM,IXC,2023-08-01 14:02,2023-08-01 14:17,2023-08-01 15:26,2023-08-01 15:40,RWY27,ATR72,Delayed,15
SG365,Air India,BOM,CCU,2023-08-01 17:18,2023-08-01 17:33,2023-08-01 19:05,2023-08-01 19:28,RWY14,ATR72,Delayed,15
SG475,Air India,BOM,DEL,2023-08-02 08:43,2023-08-02 08:58,2023-08-02 10:17,2023-08-02 10:38,RWY14,A321,Delayed,15
G8178,GoAir,BOM,AMD,2023-08-03 17:04,2023-08-03 17:09,2023-08-03 19:10,2023-08-03 19:20,RWY14,ATR72,On-time,5
AI165,SpiceJet,BOM,DEL,2023-08-01 18:45,2023-08-01 19:15,2023-08-01 20:37,2023-08-01 21:08,RWY27,B737,Delayed,30
6E517,Vistara,BOM,MAA,2023-08-01 08:47,2023-08-01 08:52,2023-08-01 11:09,2023-08-01 11:18,RWY14,ATR72,On-time,5
6E831,AirAsia,BOM,BLR,2023-08-04 06:16,2023-08-04 06:31,2023-08-04 08:07,2023-08-04 08:27,RWY14,A321,Delayed,15
G8147,Air India,BOM,HYD,2023-08-04 13:38,2023-08-04 13:48,2023-08-04 15:16,2023-08-04 15:35,RWY14,B737,Delayed,10
6E773,Vistara,BOM,MAA,2023-08-03 01:46,2023-08-03 03:46,2023-08-03 03:28,2023-08-03 05:37,RWY14,ATR72,Delayed,120
UK580,SpiceJet,BOM,AMD,2023-08-06 07:20,2023-08-06 07:20,2023-08-06 08:22,2023-08-06 08:28,RWY27,A320,On-time,0
AI445,SpiceJet,BOM,BLR,2023-08-01 00:11,2023-08-01 00:26,2023-08-01 01:33,2023-08-01 01:49,RWY27,A320,Delayed,15
G8968,IndiGo,BOM,IXC,2023-08-01 23:57,2023-08-02 00:07,2023-08-02 01:57,2023-08-02 02:07,RWY14,A320,Delayed,10
SG991,AirAsia,BOM,CCU,2023-08-04 06:31,2023-08-04 06:41,2023-08-04 07:56,2023-08-04 08:04,RWY27,ATR72,Delayed,10
G8459,IndiGo,BOM,DEL,2023-08-03 23:09,2023-08-03 23:39,2023-08-04 00:54,2023-08-04 01:21,RWY14,A320,Delayed,30
UK179,GoAir,BOM,DEL,2023-08-01 00:22,2023-08-01 00:27,2023-08-01 02:46,2023-08-01 02:53,RWY14,A320,On-time,5
AI262,Air India,BOM,PNQ,2023-08-04 07:48,2023-08-04 08:48,2023-08-04 09:11,2023-08-04 10:11,RWY14,ATR72,Delayed,60
G8750,Air India,BOM,HYD,2023-08-03 08:12,2023-08-03 10:12,2023-08-03 10:07,2023-08-03 12:05,RWY14,ATR72,Delayed,120
SG642,Air India,BOM,MAA,2023-08-02 03:55,2023-08-02 04:05,2023-08-02 05:29,2023-08-02 05:41,RWY27,B737,Delayed,10
SG563,Air India,BOM,GOI,2023-08-04 04:02,2023-08-04 04:17,2023-08-04 06:06,2023-08-04 06:18,RWY27,A321,Delayed,15
6E285,Air India,BOM,MAA,2023-08-06 09:57,2023-08-06 10:02,2023-08-06 11:46,2023-08-06 11:55,RWY27,A321,On-time,5
I5684,SpiceJet,BOM,HYD,2023-08-07 20:12,2023-08-07 20:12,2023-08-07 22:18,2023-08-07 22:18,RWY14,A321,On-time,0
6E986,GoAir,BOM,GOI,2023-08-04 19:56,2023-08-04 20:26,2023-08-04 22:12,2023-08-04 22:39,RWY27,ATR72,Delayed,30
I5940,IndiGo,BOM,HYD,2023-08-02 08:03,2023-08-02 08:08,2023-08-02 09:42,2023-08-02 09:57,RWY27,A320,On-time,5
G8668,IndiGo,BOM,GOI,2023-08-05 12:19,2023-08-05 12:19,2023-08-05 13:55,2023-08-05 13:58,RWY14,B737,On-time,0
AI940,IndiGo,BOM,BLR,2023-08-01 06:34,2023-08-01 07:04,2023-08-01 08:03,2023-08-01 08:29,RWY14,A321,Delayed,30
AI678,Air India,BOM,AMD,2023-08-06 07:26,2023-08-06 07:31,2023-08-06 08:59,2023-08-06 09:01,RWY27,A320,On-time,5
AI504,GoAir,BOM,PNQ,2023-08-01 22:17,2023-08-01 22:27,2023-08-02 00:38,2023-08-02 00:47,RWY27,A320,Delayed,10
AI656,SpiceJet,BOM,CCU,2023-08-01 16:11,2023-08-01 17:11,2023-08-01 17:22,2023-08-01 18:30,RWY14,A320,Delayed,60
G8294,IndiGo,BOM,PNQ,2023-08-01 07:41,2023-08-01 08:11,2023-08-01 10:05,2023-08-01 10:35,RWY14,A320,Delayed,30
6E780,IndiGo,BOM,CCU,2023-08-03 02:07,2023-08-03 02:07,2023-08-03 04:10,2023-08-03 04:16,RWY14,ATR72,On-time,0
G8619,Air India,BOM,DEL,2023-08-07 05:14,2023-08-07 05:44,2023-08-07 07:10,2023-08-07 07:43,RWY14,A321,Delayed,30
6E588,SpiceJet,BOM,IXC,2023-08-05 21:08,2023-08-05 21:08,2023-08-05 22:41,2023-08-05 22:39,RWY14,A320,On-time,0
I5568,Air India,BOM,PNQ,2023-08-03 05:05,2023-08-03 05:05,2023-08-03 06:39,2023-08-03 06:44,RWY14,ATR72,On-time,0
AI200,SpiceJet,BOM,MAA,2023-08-03 14:38,2023-08-03 14:38,2023-08-03 15:54,2023-08-03 15:51,RWY27,B737,On-time,0
SG107,AirAsia,BOM,HYD,2023-08-02 03:46,2023-08-02 04:01,2023-08-02 05:08,2023-08-02 05:22,RWY27,A321,Delayed,15
I5475,AirAsia,BOM,HYD,2023-08-06 22:24,2023-08-06 22:54,2023-08-07 00:11,2023-08-07 00:39,RWY27,ATR72,Delayed,30
SG733,AirAsia,BOM,AMD,2023-08-06 19:25,2023-08-06 19:25,2023-08-06 21:16,2023-08-06 21:17,RWY27,A321,On-time,0
I5620,Vistara,BOM,CCU,2023-08-02 03:02,2023-08-02 03:12,2023-08-02 04:30,2023-08-02 04:46,RWY14,B737,Delayed,10
AI514,Air India,BOM,HYD,2023-08-04 19:20,2023-08-04 19:25,2023-08-04 20:27,2023-08-04 20:37,RWY14,B737,On-time,5
G8448,AirAsia,BOM,DEL,2023-08-02 09:23,2023-08-02 09:33,2023-08-02 11:16,2023-08-02 11:36,RWY27,A320,Delayed,10
G8947,Air India,BOM,BLR,2023-08-06 07:41,2023-08-06 07:41,2023-08-06 08:54,2023-08-06 09:01,RWY14,B737,On-time,0
I5987,Vistara,BOM,HYD,2023-08-06 03:41,2023-08-06 03:56,2023-08-06 05:52,2023-08-06 06:11,RWY27,A320,Delayed,15
SG752,SpiceJet,BOM,BLR,2023-08-07 11:05,2023-08-07 11:05,2023-08-07 12:31,2023-08-07 12:40,RWY14,A320,On-time,0
6E308,AirAsia,BOM,IXC,2023-08-04 10:17,2023-08-04 10:22,2023-08-04 11:44,2023-08-04 11:49,RWY27,B737,On-time,5
6E990,Air India,BOM,HYD,2023-08-02 19:54,2023-08-02 19:54,2023-08-02 21:14,2023-08-02 21:18,RWY14,A321,On-time,0
I5291,Air India,BOM,BLR,2023-08-01 05:09,2023-08-01 05:19,2023-08-01 06:27,2023-08-01 06:40,RWY27,A320,Delayed,10
AI346,GoAir,BOM,PNQ,2023-08-02 01:29,2023-08-02 01:59,2023-08-02 02:52,2023-08-02 03:23,RWY14,A320,Delayed,30
SG966,Vistara,BOM,BLR,2023-08-07 07:31,2023-08-07 08:01,2023-08-07 08:38,2023-08-07 09:12,RWY27,A320,Delayed,30
SG144,GoAir,BOM,HYD,2023-08-02 20:51,2023-08-02 21:01,2023-08-02 22:22,2023-08-02 22:28,RWY14,A321,Delayed,10
UK371,IndiGo,BOM,IXC,2023-08-03 05:25,2023-08-03 05:25,2023-08-03 07:41,2023-08-03 07:38,RWY14,A320,On-time,0
6E925,AirAsia,BOM,BLR,2023-08-01 15:16,2023-08-01 15:31,2023-08-01 17:16,2023-08-01 17:41,RWY14,A320,Delayed,15
I5864,GoAir,BOM,MAA,2023-08-02 02:17,2023-08-02 02:27,2023-08-02 04:47,2023-08-02 04:57,RWY14,ATR72,Delayed,10
SG818,SpiceJet,BOM,MAA,2023-08-06 03:49,2023-08-06 04:49,2023-08-06 05:04,2023-08-06 06:07,RWY27,ATR72,Delayed,60
G8234,IndiGo,BOM,AMD,2023-08-04 12:45,2023-08-04 12:50,2023-08-04 15:04,2023-08-04 15:15,RWY14,B737,On-time,5
6E527,SpiceJet,BOM,GOI,2023-08-04 17:19,2023-08-04 17:34,2023-08-04 19:10,2023-08-04 19:33,RWY27,ATR72,Delayed,15
SG139,GoAir,BOM,IXC,2023-08-06 00:05,2023-08-06 00:10,2023-08-06 02:25,2023-08-06 02:26,RWY27,ATR72,On-time,5
SG503,AirAsia,BOM,GOI,2023-08-03 22:39,2023-08-03 22:39,2023-08-04 00:36,2023-08-04 00:37,RWY14,ATR72,On-time,0
I5768,SpiceJet,BOM,CCU,2023-08-02 23:17,2023-08-02 23:27,2023-08-03 00:59,2023-08-03 01:13,RWY14,A321,Delayed,10
UK208,Vistara,BOM,CCU,2023-08-07 07:19,2023-08-07 07:19,2023-08-07 08:29,2023-08-07 08:29,RWY14,B737,On-time,0
SG576,GoAir,BOM,HYD,2023-08-06 12:38,2023-08-06 13:08,2023-08-06 14:16,2023-08-06 14:46,RWY27,ATR72,Delayed,30
AI148,GoAir,BOM,GOI,2023-08-01 05:46,2023-08-01 06:01,2023-08-01 07:43,2023-08-01 08:07,RWY27,B737,Delayed,15
G8926,GoAir,BOM,BLR,2023-08-04 01:07,2023-08-04 02:07,2023-08-04 02:28,2023-08-04 03:27,RWY27,A320,Delayed,60
G8512,Vistara,BOM,HYD,2023-08-02 04:12,2023-08-02 04:42,2023-08-02 06:12,2023-08-02 06:43,RWY27,A320,Delayed,30
UK874,AirAsia,BOM,DEL,2023-08-06 18:52,2023-08-06 19:07,2023-08-06 20:24,2023-08-06 20:42,RWY27,A321,Delayed,15
G8694,AirAsia,BOM,GOI,2023-08-04 19:34,2023-08-04 19:34,2023-08-04 22:00,2023-08-04 22:05,RWY27,ATR72,On-time,0
6E642,Air India,BOM,IXC,2023-08-03 10:16,2023-08-03 10:16,2023-08-03 11:17,2023-08-03 11:14,RWY14,A320,On-time,0
6E890,Air India,BOM,HYD,2023-08-04 00:18,2023-08-04 00:33,2023-08-04 02:06,2023-08-04 02:21,RWY27,B737,Delayed,15
AI195,SpiceJet,BOM,IXC,2023-08-05 06:08,2023-08-05 06:13,2023-08-05 07:32,2023-08-05 07:40,RWY27,B737,On-time,5
G8163,GoAir,BOM,IXC,2023-08-05 08:38,2023-08-05 08:48,2023-08-05 10:00,2023-08-05 10:05,RWY27,B737,Delayed,10
AI173,IndiGo,BOM,BLR,2023-08-04 08:29,2023-08-04 08:29,2023-08-04 10:50,2023-08-04 10:51,RWY14,A321,On-time,0
SG973,Air India,BOM,DEL,2023-08-02 20:15,2023-08-02 20:45,2023-08-02 21:20,2023-08-02 21:49,RWY14,B737,Delayed,30
I5151,Vistara,BOM,IXC,2023-08-07 12:33,2023-08-07 12:33,2023-08-07 14:55,2023-08-07 15:01,RWY27,B737,On-time,0
AI384,IndiGo,BOM,AMD,2023-08-04 00:53,2023-08-04 00:58,2023-08-04 03:05,2023-08-04 03:09,RWY27,A321,On-time,5
SG509,Air India,BOM,HYD,2023-08-06 15:18,2023-08-06 15:18,2023-08-06 17:18,2023-08-06 17:16,RWY14,A320,On-time,0
6E881,Vistara,BOM,IXC,2023-08-04 04:03,2023-08-04 04:13,2023-08-04 05:28,2023-08-04 05:43,RWY27,A320,Delayed,10
6E563,AirAsia,BOM,MAA,2023-08-06 05:00,2023-08-06 05:00,2023-08-06 07:17,2023-08-06 07:14,RWY14,A321,On-time,0
UK223,AirAsia,BOM,IXC,2023-08-06 22:31,2023-08-06 22:41,2023-08-07 00:03,2023-08-07 00:16,RWY14,B737,Delayed,10
UK813,Vistara,BOM,MAA,2023-08-05 13:20,2023-08-05 13:20,2023-08-05 15:49,2023-08-05 15:50,RWY14,A320,On-time,0
UK652,GoAir,BOM,IXC,2023-08-06 23:38,2023-08-06 23:48,2023-08-07 01:44,2023-08-07 01:51,RWY14,B737,Delayed,10
SG208,SpiceJet,BOM,AMD,2023-08-02 22:51,2023-08-02 22:56,2023-08-02 23:58,2023-08-03 00:02,RWY27,A320,On-time,5
I5335,IndiGo,BOM,AMD,2023-08-05 00:18,2023-08-05 00:48,2023-08-05 01:24,2023-08-05 01:53,RWY27,A321,Delayed,30
SG195,Vistara,BOM,DEL,2023-08-01 23:03,2023-08-01 23:03,2023-08-02 00:30,2023-08-02 00:39,RWY14,A321,On-time,0
UK238,IndiGo,BOM,MAA,2023-08-03 10:46,2023-08-03 10:51,2023-08-03 12:23,2023-08-03 12:26,RWY14,ATR72,On-time,5
UK930,AirAsia,BOM,CCU,2023-08-07 21:33,2023-08-07 21:33,2023-08-07 22:56,2023-08-07 23:04,RWY27,B737,On-time,0
AI332,IndiGo,BOM,CCU,2023-08-07 08:54,2023-08-07 08:59,2023-08-07 10:25,2023-08-07 10:40,RWY14,A321,On-time,5
6E767,SpiceJet,BOM,MAA,2023-08-03 22:20,2023-08-03 22:25,2023-08-04 00:30,2023-08-04 00:43,RWY27,ATR72,On-time,5
G8798,GoAir,BOM,AMD,2023-08-04 09:25,2023-08-04 09:30,2023-08-04 11:44,2023-08-04 11:51,RWY14,B737,On-time,5
I5413,Air India,BOM,BLR,2023-08-04 14:47,2023-08-04 14:47,2023-08-04 15:50,2023-08-04 15:49,RWY27,A320,On-time,0
AI973,AirAsia,BOM,DEL,2023-08-01 19:26,2023-08-01 20:26,2023-08-01 20:39,2023-08-01 21:49,RWY14,A320,Delayed,60
6E127,Vistara,BOM,GOI,2023-08-04 17:16,2023-08-04 17:26,2023-08-04 18:26,2023-08-04 18:39,RWY27,A320,Delayed,10
6E359,AirAsia,BOM,AMD,2023-08-02 10:59,2023-08-02 11:09,2023-08-02 13:18,2023-08-02 13:36,RWY14,B737,Delayed,10
G8407,GoAir,BOM,MAA,2023-08-07 18:08,2023-08-07 18:18,2023-08-07 19:14,2023-08-07 19:21,RWY14,A320,Delayed,10
6E955,IndiGo,BOM,DEL,2023-08-02 10:58,2023-08-02 11:13,2023-08-02 12:25,2023-08-02 12:37,RWY14,B737,Delayed,15
G8131,Vistara,BOM,BLR,2023-08-03 10:04,2023-08-03 10:34,2023-08-03 11:08,2023-08-03 11:48,RWY14,A321,Delayed,30
G8202,Vistara,BOM,MAA,2023-08-06 09:07,2023-08-06 09:12,2023-08-06 10:09,2023-08-06 10:17,RWY27,A320,On-time,5
6E194,GoAir,BOM,DEL,2023-08-01 23:30,2023-08-01 23:30,2023-08-02 00:31,2023-08-02 00:28,RWY27,A320,On-time,0
SG813,AirAsia,BOM,PNQ,2023-08-04 09:10,2023-08-04 09:20,2023-08-04 11:00,2023-08-04 11:12,RWY27,A321,Delayed,10
SG654,GoAir,BOM,PNQ,2023-08-05 19:00,2023-08-05 19:15,2023-08-05 20:42,2023-08-05 20:55,RWY27,ATR72,Delayed,15
6E470,AirAsia,BOM,GOI,2023-08-07 08:38,2023-08-07 08:48,2023-08-07 10:42,2023-08-07 10:51,RWY27,A321,Delayed,10
SG486,IndiGo,BOM,GOI,2023-08-04 02:27,2023-08-04 02:27,2023-08-04 04:41,2023-08-04 04:41,RWY14,A320,On-time,0
G8226,Vistara,BOM,IXC,2023-08-02 17:12,2023-08-02 17:12,2023-08-02 18:29,2023-08-02 18:37,RWY27,ATR72,On-time,0
G8796,Air India,BOM,CCU,2023-08-05 00:53,2023-08-05 00:58,2023-08-05 02:17,2023-08-05 02:25,RWY27,A321,On-time,5
UK524,GoAir,BOM,DEL,2023-08-06 00:32,2023-08-06 01:32,2023-08-06 01:32,2023-08-06 02:30,RWY14,A321,Delayed,60
G8737,IndiGo,BOM,BLR,2023-08-03 21:39,2023-08-03 21:44,2023-08-03 23:36,2023-08-03 23:42,RWY27,A320,On-time,5
AI539,GoAir,BOM,PNQ,2023-08-06 18:12,2023-08-06 18:27,2023-08-06 20:25,2023-08-06 20:45,RWY27,A321,Delayed,15
6E717,SpiceJet,BOM,AMD,2023-08-01 04:16,2023-08-01 04:21,2023-08-01 05:21,2023-08-01 05:24,RWY14,ATR72,On-time,5
I5492,IndiGo,BOM,AMD,2023-08-04 05:52,2023-08-04 05:57,2023-08-04 07:45,2023-08-04 07:57,RWY14,ATR72,On-time,5
AI126,SpiceJet,BOM,BLR,2023-08-05 23:38,2023-08-05 23:48,2023-08-06 00:47,2023-08-06 00:53,RWY27,A321,Delayed,10
AI572,SpiceJet,BOM,CCU,2023-08-07 16:19,2023-08-07 16:19,2023-08-07 17:44,2023-08-07 17:45,RWY27,A321,On-time,0
SG978,SpiceJet,BOM,BLR,2023-08-03 21:57,2023-08-03 22:02,2023-08-04 00:11,2023-08-04 00:25,RWY27,B737,On-time,5
I5978,SpiceJet,BOM,PNQ,2023-08-01 01:13,2023-08-01 01:13,2023-08-01 02:25,2023-08-01 02:30,RWY27,A320,On-time,0
I5459,SpiceJet,BOM,DEL,2023-08-07 13:54,2023-08-07 14:04,2023-08-07 15:29,2023-08-07 15:42,RWY27,B737,Delayed,10
AI403,Vistara,BOM,GOI,2023-08-07 04:24,2023-08-07 04:24,2023-08-07 05:50,2023-08-07 05:46,RWY27,ATR72,On-time,0
G8979,AirAsia,BOM,AMD,2023-08-02 04:13,2023-08-02 04:13,2023-08-02 05:21,2023-08-02 05:16,RWY27,A321,On-time,0
UK548,Air India,BOM,GOI,2023-08-07 21:50,2023-08-07 22:00,2023-08-07 23:34,2023-08-07 23:44,RWY27,ATR72,Delayed,10
AI248,GoAir,BOM,GOI,2023-08-05 05:45,2023-08-05 05:55,2023-08-05 06:57,2023-08-05 07:06,RWY27,ATR72,Delayed,10
6E703,Air India,BOM,GOI,2023-08-05 16:23,2023-08-05 16:28,2023-08-05 18:44,2023-08-05 18:59,RWY14,B737,On-time,5
UK656,Air India,BOM,PNQ,2023-08-07 03:05,2023-08-07 03:05,2023-08-07 05:00,2023-08-07 05:07,RWY14,A321,On-time,0
6E651,IndiGo,BOM,AMD,2023-08-06 03:33,2023-08-06 04:03,2023-08-06 04:45,2023-08-06 05:10,RWY27,B737,Delayed,30
G8287,AirAsia,BOM,IXC,2023-08-01 15:15,2023-08-01 16:15,2023-08-01 17:39,2023-08-01 18:39,RWY14,A321,Delayed,60
G8723,Air India,BOM,GOI,2023-08-03 17:38,2023-08-03 17:48,2023-08-03 19:33,2023-08-03 19:44,RWY14,B737,Delayed,10
SG973,Air India,BOM,HYD,2023-08-07 12:40,2023-08-07 12:40,2023-08-07 13:49,2023-08-07 13:51,RWY27,B737,On-time,0
SG580,SpiceJet,BOM,MAA,2023-08-07 14:51,2023-08-07 15:06,2023-08-07 16:27,2023-08-07 16:47,RWY27,A321,Delayed,15
UK570,Vistara,BOM,PNQ,2023-08-02 04:47,2023-08-02 04:47,2023-08-02 06:48,2023-08-02 06:56,RWY14,A321,On-time,0
UK977,IndiGo,BOM,DEL,2023-08-07 13:03,2023-08-07 13:03,2023-08-07 14:23,2023-08-07 14:24,RWY14,A321,On-time,0
I5688,GoAir,BOM,DEL,2023-08-05 09:57,2023-08-05 10:02,2023-08-05 12:20,2023-08-05 12:21,RWY27,B737,On-time,5
G8968,Vistara,BOM,PNQ,2023-08-02 20:20,2023-08-02 20:35,2023-08-02 22:14,2023-08-02 22:35,RWY14,B737,Delayed,15
G8289,IndiGo,BOM,AMD,2023-08-04 00:35,2023-08-04 00:40,2023-08-04 02:56,2023-08-04 03:07,RWY27,B737,On-time,5
6E740,Air India,BOM,AMD,2023-08-06 23:41,2023-08-06 23:56,2023-08-07 00:52,2023-08-07 01:14,RWY14,B737,Delayed,15
SG554,Vistara,BOM,BLR,2023-08-01 22:10,2023-08-01 22:20,2023-08-01 23:10,2023-08-01 23:22,RWY27,ATR72,Delayed,10
UK823,Air India,BOM,IXC,2023-08-03 05:00,2023-08-03 05:00,2023-08-03 06:01,2023-08-03 06:00,RWY14,A320,On-time,0
G8497,Vistara,BOM,DEL,2023-08-05 18:30,2023-08-05 19:00,2023-08-05 20:59,2023-08-05 21:35,RWY27,A321,Delayed,30
AI612,AirAsia,BOM,MAA,2023-08-02 17:30,2023-08-02 17:35,2023-08-02 18:55,2023-08-02 19:00,RWY27,A320,On-time,5
I5774,GoAir,BOM,GOI,2023-08-01 21:45,2023-08-01 22:00,2023-08-01 23:31,2023-08-01 23:44,RWY27,ATR72,Delayed,15
SG216,AirAsia,BOM,BLR,2023-08-02 14:45,2023-08-02 14:50,2023-08-02 17:05,2023-08-02 17:10,RWY27,B737,On-time,5
6E754,IndiGo,BOM,BLR,2023-08-01 17:19,2023-08-01 17:24,2023-08-01 18:52,2023-08-01 19:07,RWY27,B737,On-time,5
SG952,IndiGo,BOM,HYD,2023-08-01 11:21,2023-08-01 11:31,2023-08-01 12:32,2023-08-01 12:39,RWY14,A321,Delayed,10
I5911,SpiceJet,BOM,CCU,2023-08-02 15:09,2023-08-02 17:09,2023-08-02 17:02,2023-08-02 19:03,RWY27,ATR72,Delayed,120
AI981,SpiceJet,BOM,DEL,2023-08-02 01:37,2023-08-02 01:37,2023-08-02 03:59,2023-08-02 04:08,RWY14,A321,On-time,0
SG528,IndiGo,BOM,IXC,2023-08-02 00:23,2023-08-02 00:23,2023-08-02 02:41,2023-08-02 02:49,RWY14,A320,On-time,0
AI680,GoAir,BOM,CCU,2023-08-01 07:53,2023-08-01 08:03,2023-08-01 10:06,2023-08-01 10:12,RWY14,A321,Delayed,10
AI785,GoAir,BOM,GOI,2023-08-03 07:52,2023-08-03 07:57,2023-08-03 09:45,2023-08-03 09:57,RWY14,A320,On-time,5
AI407,IndiGo,BOM,IXC,2023-08-02 12:45,2023-08-02 12:45,2023-08-02 13:49,2023-08-02 13:50,RWY27,ATR72,On-time,0
G8625,SpiceJet,BOM,DEL,2023-08-05 11:26,2023-08-05 11:31,2023-08-05 12:46,2023-08-05 12:58,RWY14,A320,On-time,5
SG921,Air India,BOM,IXC,2023-08-04 19:44,2023-08-04 19:54,2023-08-04 21:37,2023-08-04 21:42,RWY14,A320,Delayed,10
UK139,Vistara,BOM,MAA,2023-08-03 02:07,2023-08-03 02:12,2023-08-03 03:40,2023-08-03 03:52,RWY27,A320,On-time,5
AI469,SpiceJet,BOM,AMD,2023-08-04 09:39,2023-08-04 11:39,2023-08-04 11:47,2023-08-04 13:56,RWY27,B737,Delayed,120
UK180,IndiGo,BOM,AMD,2023-08-01 06:17,2023-08-01 06:22,2023-08-01 08:18,2023-08-01 08:33,RWY27,A320,On-time,5
SG661,AirAsia,BOM,HYD,2023-08-07 14:54,2023-08-07 14:54,2023-08-07 17:18,2023-08-07 17:22,RWY14,A320,On-time,0
6E904,SpiceJet,BOM,CCU,2023-08-07 11:24,2023-08-07 11:34,2023-08-07 12:26,2023-08-07 12:35,RWY14,A320,Delayed,10
6E405,AirAsia,BOM,IXC,2023-08-04 18:53,2023-08-04 18:58,2023-08-04 20:13,2023-08-04 20:24,RWY14,ATR72,On-time,5
UK952,GoAir,BOM,CCU,2023-08-05 07:13,2023-08-05 07:18,2023-08-05 09:36,2023-08-05 09:44,RWY14,A321,On-time,5
UK386,IndiGo,BOM,PNQ,2023-08-01 16:38,2023-08-01 16:53,2023-08-01 18:33,2023-08-01 18:47,RWY27,A320,Delayed,15
I5907,Vistara,BOM,PNQ,2023-08-03 01:40,2023-08-03 01:40,2023-08-03 03:23,2023-08-03 03:24,RWY14,B737,On-time,0
6E899,Vistara,BOM,BLR,2023-08-05 01:14,2023-08-05 01:29,2023-08-05 03:31,2023-08-05 03:44,RWY14,A320,Delayed,15
6E340,Air India,BOM,AMD,2023-08-02 17:06,2023-08-02 17:21,2023-08-02 19:34,2023-08-02 19:45,RWY14,A320,Cancelled,15
UK557,GoAir,BOM,GOI,2023-08-04 03:01,2023-08-04 03:16,2023-08-04 05:27,2023-08-04 05:45,RWY27,ATR72,Delayed,15
I5557,IndiGo,BOM,IXC,2023-08-02 09:16,2023-08-02 09:21,2023-08-02 11:11,2023-08-02 11:14,RWY27,A321,On-time,5
G8113,AirAsia,BOM,BLR,2023-08-05 23:05,2023-08-05 23:05,2023-08-06 00:11,2023-08-06 00:21,RWY27,ATR72,On-time,0
I5604,GoAir,BOM,HYD,2023-08-05 19:08,2023-08-05 19:13,2023-08-05 20:13,2023-08-05 20:19,RWY27,ATR72,On-time,5
G8669,GoAir,BOM,DEL,2023-08-07 12:55,2023-08-07 13:00,2023-08-07 14:43,2023-08-07 14:45,RWY14,ATR72,On-time,5
G8862,Vistara,BOM,IXC,2023-08-04 02:49,2023-08-04 02:49,2023-08-04 05:12,2023-08-04 05:21,RWY14,A321,On-time,0
G8649,AirAsia,BOM,MAA,2023-08-02 03:02,2023-08-02 03:02,2023-08-02 05:01,2023-08-02 05:07,RWY27,ATR72,On-time,0
6E972,Air India,BOM,MAA,2023-08-07 03:39,2023-08-07 03:44,2023-08-07 05:49,2023-08-07 05:53,RWY27,A321,On-time,5
AI698,AirAsia,BOM,BLR,2023-08-04 21:34,2023-08-04 21:49,2023-08-04 22:49,2023-08-04 22:59,RWY27,A320,Delayed,15
UK531,SpiceJet,BOM,GOI,2023-08-03 06:52,2023-08-03 06:52,2023-08-03 08:43,2023-08-03 08:40,RWY14,ATR72,On-time,0
AI939,IndiGo,BOM,GOI,2023-08-04 13:54,2023-08-04 14:04,2023-08-04 16:09,2023-08-04 16:23,RWY27,ATR72,Delayed,10
UK573,IndiGo,BOM,DEL,2023-08-06 18:01,2023-08-06 18:11,2023-08-06 20:14,2023-08-06 20:34,RWY27,A320,Delayed,10
AI975,GoAir,BOM,MAA,2023-08-02 17:23,2023-08-02 17:53,2023-08-02 18:38,2023-08-02 19:07,RWY14,ATR72,Delayed,30
I5719,Air India,BOM,GOI,2023-08-07 00:12,2023-08-07 00:17,2023-08-07 02:18,2023-08-07 02:22,RWY14,B737,On-time,5
G8820,GoAir,BOM,HYD,2023-08-07 19:06,2023-08-07 19:16,2023-08-07 21:20,2023-08-07 21:40,RWY27,B737,Delayed,10
G8511,IndiGo,BOM,CCU,2023-08-02 03:27,2023-08-02 03:37,2023-08-02 05:13,2023-08-02 05:23,RWY27,A320,Delayed,10
AI201,GoAir,BOM,HYD,2023-08-07 14:05,2023-08-07 14:20,2023-08-07 16:02,2023-08-07 16:22,RWY14,A320,Delayed,15
AI872,IndiGo,BOM,AMD,2023-08-05 16:48,2023-08-05 16:48,2023-08-05 19:14,2023-08-05 19:12,RWY27,A321,On-time,0
I5996,IndiGo,BOM,GOI,2023-08-07 11:20,2023-08-07 11:35,2023-08-07 13:50,2023-08-07 14:08,RWY14,B737,Delayed,15
SG189,IndiGo,BOM,DEL,2023-08-03 14:46,2023-08-03 14:56,2023-08-03 16:10,2023-08-03 16:19,RWY14,A321,Delayed,10
6E852,IndiGo,BOM,CCU,2023-08-05 02:23,2023-08-05 02:38,2023-08-05 03:41,2023-08-05 04:03,RWY14,ATR72,Delayed,15
6E108,Air India,BOM,GOI,2023-08-03 18:23,2023-08-03 18:23,2023-08-03 19:30,2023-08-03 19:29,RWY14,A321,On-time,0
I5833,SpiceJet,BOM,BLR,2023-08-05 11:37,2023-08-05 11:47,2023-08-05 13:25,2023-08-05 13:34,RWY14,A320,Delayed,10
6E195,Vistara,BOM,HYD,2023-08-04 01:50,2023-08-04 02:20,2023-08-04 03:50,2023-08-04 04:29,RWY14,A320,Delayed,30
I5876,SpiceJet,BOM,HYD,2023-08-07 02:38,2023-08-07 02:48,2023-08-07 04:26,2023-08-07 04:46,RWY27,A320,Delayed,10
I5509,Air India,BOM,AMD,2023-08-01 05:04,2023-08-01 05:34,2023-08-01 06:33,2023-08-01 07:09,RWY14,B737,Delayed,30
G8312,IndiGo,BOM,HYD,2023-08-01 16:55,2023-08-01 17:00,2023-08-01 18:21,2023-08-01 18:30,RWY27,B737,On-time,5
SG890,AirAsia,BOM,GOI,2023-08-07 17:56,2023-08-07 18:11,2023-08-07 19:56,2023-08-07 20:18,RWY27,ATR72,Delayed,15
G8213,Vistara,BOM,MAA,2023-08-03 15:10,2023-08-03 15:15,2023-08-03 16:23,2023-08-03 16:27,RWY27,A320,On-time,5
AI335,Air India,BOM,HYD,2023-08-06 23:54,2023-08-07 00:24,2023-08-07 00:58,2023-08-07 01:30,RWY27,A320,Delayed,30
I5994,Vistara,BOM,MAA,2023-08-07 23:49,2023-08-07 23:49,2023-08-08 01:27,2023-08-08 01:22,RWY14,A320,On-time,0
6E576,Vistara,BOM,DEL,2023-08-06 16:45,2023-08-06 16:45,2023-08-06 18:36,2023-08-06 18:41,RWY14,ATR72,On-time,0
AI797,Air India,BOM,MAA,2023-08-05 18:15,2023-08-05 18:25,2023-08-05 20:17,2023-08-05 20:37,RWY14,A320,Delayed,10
I5270,Vistara,BOM,BLR,2023-08-07 05:18,2023-08-07 05:23,2023-08-07 07:15,2023-08-07 07:23,RWY27,A321,On-time,5
6E268,Air India,BOM,IXC,2023-08-02 16:54,2023-08-02 16:54,2023-08-02 19:06,2023-08-02 19:15,RWY27,ATR72,On-time,0
AI708,GoAir,BOM,GOI,2023-08-01 07:38,2023-08-01 08:08,2023-08-01 09:49,2023-08-01 10:22,RWY27,ATR72,Delayed,30
6E989,AirAsia,BOM,BLR,2023-08-03 08:22,2023-08-03 08:27,2023-08-03 09:41,2023-08-03 09:56,RWY27,A321,On-time,5
6E175,SpiceJet,BOM,HYD,2023-08-04 04:55,2023-08-04 04:55,2023-08-04 06:03,2023-08-04 06:11,RWY14,A320,On-time,0
AI188,SpiceJet,BOM,DEL,2023-08-04 12:34,2023-08-04 12:49,2023-08-04 14:46,2023-08-04 15:11,RWY27,ATR72,Delayed,15
SG584,Vistara,BOM,HYD,2023-08-06 01:55,2023-08-06 01:55,2023-08-06 03:10,2023-08-06 03:20,RWY27,A321,On-time,0
I5992,IndiGo,BOM,GOI,2023-08-01 10:57,2023-08-01 11:02,2023-08-01 11:59,2023-08-01 12:03,RWY27,ATR72,On-time,5
SG764,SpiceJet,BOM,HYD,2023-08-02 12:58,2023-08-02 12:58,2023-08-02 14:35,2023-08-02 14:37,RWY27,ATR72,On-time,0
SG770,IndiGo,BOM,IXC,2023-08-06 03:35,2023-08-06 03:35,2023-08-06 05:04,2023-08-06 05:04,RWY14,B737,On-time,0
6E813,Air India,BOM,GOI,2023-08-07 18:57,2023-08-07 19:02,2023-08-07 20:17,2023-08-07 20:30,RWY27,B737,On-time,5
I5509,AirAsia,BOM,GOI,2023-08-01 15:27,2023-08-01 15:27,2023-08-01 16:59,2023-08-01 16:59,RWY14,A321,On-time,0
G8283,Vistara,BOM,DEL,2023-08-07 01:41,2023-08-07 02:11,2023-08-07 02:48,2023-08-07 03:20,RWY27,B737,Delayed,30
6E593,Vistara,BOM,BLR,2023-08-02 02:44,2023-08-02 02:49,2023-08-02 03:47,2023-08-02 04:02,RWY27,ATR72,On-time,5
6E393,Vistara,BOM,IXC,2023-08-06 07:11,2023-08-06 07:11,2023-08-06 08:24,2023-08-06 08:30,RWY14,A320,On-time,0
6E330,GoAir,BOM,IXC,2023-08-01 05:23,2023-08-01 05:23,2023-08-01 06:43,2023-08-01 06:41,RWY27,A320,On-time,0
G8106,IndiGo,BOM,IXC,2023-08-07 10:53,2023-08-07 11:08,2023-08-07 12:28,2023-08-07 12:40,RWY14,B737,Delayed,15
AI975,SpiceJet,BOM,DEL,2023-08-01 11:38,2023-08-01 11:43,2023-08-01 13:16,2023-08-01 13:19,RWY27,ATR72,On-time,5
AI302,SpiceJet,BOM,MAA,2023-08-05 15:34,2023-08-05 15:44,2023-08-05 17:12,2023-08-05 17:18,RWY14,A321,Delayed,10
I5785,SpiceJet,BOM,PNQ,2023-08-04 00:52,2023-08-04 01:02,2023-08-04 02:40,2023-08-04 02:48,RWY27,B737,Delayed,10
AI143,Vistara,BOM,GOI,2023-08-03 07:00,2023-08-03 07:05,2023-08-03 08:06,2023-08-03 08:21,RWY14,B737,On-time,5
AI736,AirAsia,BOM,DEL,2023-08-02 10:59,2023-08-02 10:59,2023-08-02 12:55,2023-08-02 13:02,RWY14,A321,On-time,0
G8296,Vistara,BOM,AMD,2023-08-02 10:49,2023-08-02 10:54,2023-08-02 12:32,2023-08-02 12:40,RWY14,A321,On-time,5
I5268,SpiceJet,BOM,PNQ,2023-08-03 17:14,2023-08-03 17:19,2023-08-03 18:22,2023-08-03 18:25,RWY14,B737,On-time,5
G8188,SpiceJet,BOM,HYD,2023-08-02 20:38,2023-08-02 20:38,2023-08-02 23:07,2023-08-02 23:10,RWY14,A321,On-time,0
I5864,Air India,BOM,GOI,2023-08-02 05:00,2023-08-02 05:00,2023-08-02 06:37,2023-08-02 06:34,RWY14,A320,On-time,0
G8629,Air India,BOM,BLR,2023-08-01 14:10,2023-08-01 14:10,2023-08-01 16:17,2023-08-01 16:22,RWY14,ATR72,On-time,0
G8395,Vistara,BOM,CCU,2023-08-01 00:42,2023-08-01 00:42,2023-08-01 02:21,2023-08-01 02:22,RWY27,A320,On-time,0
G8309,Air India,BOM,BLR,2023-08-05 14:27,2023-08-05 14:37,2023-08-05 16:40,2023-08-05 16:53,RWY14,B737,Delayed,10
6E386,IndiGo,BOM,IXC,2023-08-06 20:13,2023-08-06 20:23,2023-08-06 21:22,2023-08-06 21:37,RWY14,A321,Delayed,10
6E231,SpiceJet,BOM,IXC,2023-08-06 06:55,2023-08-06 06:55,2023-08-06 09:10,2023-08-06 09:20,RWY14,A320,On-time,0
G8955,IndiGo,BOM,DEL,2023-08-07 01:44,2023-08-07 01:59,2023-08-07 03:16,2023-08-07 03:34,RWY14,A321,Delayed,15
AI162,IndiGo,BOM,CCU,2023-08-07 10:56,2023-08-07 11:01,2023-08-07 12:10,2023-08-07 12:17,RWY14,B737,On-time,5
AI958,IndiGo,BOM,PNQ,2023-08-03 03:06,2023-08-03 03:06,2023-08-03 04:44,2023-08-03 04:53,RWY14,A320,On-time,0
G8690,GoAir,BOM,PNQ,2023-08-05 19:16,2023-08-05 19:16,2023-08-05 20:29,2023-08-05 20:24,RWY14,A321,On-time,0
I5790,Air India,BOM,AMD,2023-08-06 04:09,2023-08-06 04:14,2023-08-06 05:21,2023-08-06 05:23,RWY27,B737,On-time,5
SG268,IndiGo,BOM,BLR,2023-08-04 07:53,2023-08-04 08:08,2023-08-04 09:51,2023-08-04 10:02,RWY27,B737,Delayed,15
AI843,AirAsia,BOM,GOI,2023-08-07 23:54,2023-08-08 00:04,2023-08-08 01:13,2023-08-08 01:24,RWY27,A320,Delayed,10
AI729,GoAir,BOM,AMD,2023-08-06 08:56,2023-08-06 09:26,2023-08-06 10:49,2023-08-06 11:25,RWY27,ATR72,Delayed,30
I5912,Air India,BOM,CCU,2023-08-02 22:54,2023-08-02 22:54,2023-08-03 00:55,2023-08-03 00:56,RWY27,ATR72,On-time,0
SG569,SpiceJet,BOM,DEL,2023-08-07 00:23,2023-08-07 00:28,2023-08-07 02:20,2023-08-07 02:25,RWY27,ATR72,On-time,5
6E198,Air India,BOM,IXC,2023-08-02 06:47,2023-08-02 06:57,2023-08-02 08:39,2023-08-02 08:49,RWY27,A321,Delayed,10
SG495,AirAsia,BOM,DEL,2023-08-03 04:54,2023-08-03 04:54,2023-08-03 07:15,2023-08-03 07:10,RWY14,A320,On-time,0
UK283,SpiceJet,BOM,CCU,2023-08-04 21:28,2023-08-04 21:28,2023-08-04 23:36,2023-08-04 23:44,RWY27,A320,On-time,0
SG255,AirAsia,BOM,AMD,2023-08-06 17:09,2023-08-06 17:19,2023-08-06 19:35,2023-08-06 19:51,RWY27,B737,Delayed,10
AI967,Air India,BOM,DEL,2023-08-07 06:15,2023-08-07 06:45,2023-08-07 07:47,2023-08-07 08:22,RWY14,B737,Delayed,30
6E749,Vistara,BOM,GOI,2023-08-06 09:26,2023-08-06 09:36,2023-08-06 10:48,2023-08-06 11:05,RWY27,A321,Delayed,10
6E448,AirAsia,BOM,AMD,2023-08-02 07:44,2023-08-02 07:44,2023-08-02 08:54,2023-08-02 08:57,RWY27,ATR72,On-time,0
G8819,Vistara,BOM,BLR,2023-08-06 01:56,2023-08-06 01:56,2023-08-06 04:21,2023-08-06 04:26,RWY14,ATR72,On-time,0
I5978,AirAsia,BOM,MAA,2023-08-01 04:56,2023-08-01 05:06,2023-08-01 06:49,2023-08-01 07:06,RWY27,A320,Delayed,10
6E192,Vistara,BOM,IXC,2023-08-05 03:11,2023-08-05 03:11,2023-08-05 05:22,2023-08-05 05:17,RWY14,A320,On-time,0
UK366,GoAir,BOM,GOI,2023-08-05 04:51,2023-08-05 05:01,2023-08-05 06:22,2023-08-05 06:31,RWY14,A321,Delayed,10
SG254,GoAir,BOM,GOI,2023-08-07 12:45,2023-08-07 12:45,2023-08-07 14:31,2023-08-07 14:28,RWY27,ATR72,On-time,0
SG636,GoAir,BOM,GOI,2023-08-03 03:42,2023-08-03 03:42,2023-08-03 05:57,2023-08-03 05:56,RWY27,A321,On-time,0
AI650,IndiGo,BOM,DEL,2023-08-05 00:56,2023-08-05 00:56,2023-08-05 01:57,2023-08-05 02:07,RWY27,A321,On-time,0
SG753,AirAsia,BOM,PNQ,2023-08-02 19:50,2023-08-02 19:55,2023-08-02 22:11,2023-08-02 22:26,RWY27,A321,On-time,5
SG779,SpiceJet,BOM,GOI,2023-08-01 02:14,2023-08-01 02:29,2023-08-01 04:07,2023-08-01 04:29,RWY27,A321,Delayed,15
6E479,GoAir,BOM,DEL,2023-08-03 18:23,2023-08-03 18:23,2023-08-03 19:35,2023-08-03 19:38,RWY27,A320,On-time,0
6E513,Vistara,BOM,CCU,2023-08-04 18:52,2023-08-04 18:52,2023-08-04 20:33,2023-08-04 20:42,RWY14,A321,On-time,0
G8822,AirAsia,BOM,IXC,2023-08-05 15:14,2023-08-05 15:29,2023-08-05 17:11,2023-08-05 17:31,RWY27,ATR72,Delayed,15
6E826,Vistara,BOM,CCU,2023-08-06 07:35,2023-08-06 07:35,2023-08-06 09:33,2023-08-06 09:34,RWY14,ATR72,On-time,0
AI655,IndiGo,BOM,GOI,2023-08-05 12:08,2023-08-05 12:08,2023-08-05 13:55,2023-08-05 13:55,RWY14,A321,On-time,0
G8145,GoAir,BOM,IXC,2023-08-04 03:42,2023-08-04 03:47,2023-08-04 05:44,2023-08-04 05:56,RWY27,ATR72,On-time,5
I5867,AirAsia,BOM,AMD,2023-08-02 22:28,2023-08-02 22:43,2023-08-03 00:22,2023-08-03 00:42,RWY27,ATR72,Delayed,15
I5579,Vistara,BOM,GOI,2023-08-01 12:28,2023-08-01 12:33,2023-08-01 14:35,2023-08-01 14:48,RWY27,B737,On-time,5
UK638,Vistara,BOM,IXC,2023-08-02 14:33,2023-08-02 14:43,2023-08-02 17:03,2023-08-02 17:22,RWY27,ATR72,Delayed,10
6E121,GoAir,BOM,IXC,2023-08-06 13:11,2023-08-06 13:41,2023-08-06 15:20,2023-08-06 15:57,RWY14,A321,Delayed,30
I5671,AirAsia,BOM,MAA,2023-08-07 06:10,2023-08-07 06:20,2023-08-07 07:43,2023-08-07 07:59,RWY14,B737,Delayed,10
I5641,GoAir,BOM,CCU,2023-08-06 11:55,2023-08-06 12:05,2023-08-06 13:02,2023-08-06 13:11,RWY27,A321,Delayed,10
UK265,GoAir,BOM,GOI,2023-08-03 03:02,2023-08-03 03:02,2023-08-03 04:41,2023-08-03 04:41,RWY27,A321,On-time,0
AI621,Vistara,BOM,BLR,2023-08-01 13:24,2023-08-01 13:34,2023-08-01 15:43,2023-08-01 15:49,RWY27,A321,Delayed,10
UK798,GoAir,BOM,MAA,2023-08-01 13:37,2023-08-01 13:37,2023-08-01 14:53,2023-08-01 15:03,RWY27,A320,On-time,0
SG121,AirAsia,BOM,BLR,2023-08-05 07:19,2023-08-05 07:29,2023-08-05 08:21,2023-08-05 08:27,RWY14,A320,Delayed,10
AI675,AirAsia,BOM,GOI,2023-08-01 00:40,2023-08-01 00:45,2023-08-01 02:05,2023-08-01 02:19,RWY27,A320,On-time,5
UK266,AirAsia,BOM,HYD,2023-08-06 12:51,2023-08-06 12:51,2023-08-06 15:19,2023-08-06 15:29,RWY27,A320,On-time,0
6E709,Vistara,BOM,AMD,2023-08-03 20:34,2023-08-03 20:44,2023-08-03 22:32,2023-08-03 22:45,RWY14,A320,Delayed,10
G8499,AirAsia,BOM,HYD,2023-08-07 22:06,2023-08-07 22:06,2023-08-07 23:09,2023-08-07 23:13,RWY27,ATR72,On-time,0
G8258,SpiceJet,BOM,AMD,2023-08-04 13:27,2023-08-04 13:27,2023-08-04 15:56,2023-08-04 16:06,RWY27,ATR72,On-time,0
AI501,IndiGo,BOM,PNQ,2023-08-07 00:33,2023-08-07 00:38,2023-08-07 02:31,2023-08-07 02:45,RWY14,A321,On-time,5
AI655,SpiceJet,BOM,CCU,2023-08-05 05:50,2023-08-05 05:55,2023-08-05 08:03,2023-08-05 08:15,RWY14,A320,On-time,5
G8887,SpiceJet,BOM,BLR,2023-08-06 03:11,2023-08-06 03:21,2023-08-06 05:00,2023-08-06 05:06,RWY27,B737,Delayed,10
SG315,GoAir,BOM,BLR,2023-08-02 19:33,2023-08-02 19:48,2023-08-02 20:37,2023-08-02 21:01,RWY27,B737,Delayed,15
AI614,AirAsia,BOM,DEL,2023-08-03 18:11,2023-08-03 18:11,2023-08-03 19:24,2023-08-03 19:27,RWY14,A321,On-time,0
G8638,SpiceJet,BOM,BLR,2023-08-06 02:27,2023-08-06 02:57,2023-08-06 04:13,2023-08-06 04:41,RWY14,ATR72,Delayed,30
I5824,GoAir,BOM,DEL,2023-08-07 12:20,2023-08-07 12:20,2023-08-07 14:03,2023-08-07 14:09,RWY27,ATR72,On-time,0
SG668,SpiceJet,BOM,MAA,2023-08-02 04:13,2023-08-02 04:18,2023-08-02 05:39,2023-08-02 05:39,RWY14,A320,On-time,5
SG890,Vistara,BOM,GOI,2023-08-06 05:43,2023-08-06 05:53,2023-08-06 08:08,2023-08-06 08:28,RWY14,A321,Delayed,10
SG345,SpiceJet,BOM,AMD,2023-08-06 12:17,2023-08-06 12:17,2023-08-06 14:35,2023-08-06 14:45,RWY14,B737,On-time,0
SG961,Air India,BOM,PNQ,2023-08-03 06:55,2023-08-03 07:05,2023-08-03 08:13,2023-08-03 08:30,RWY14,B737,Delayed,10
AI322,AirAsia,BOM,DEL,2023-08-04 04:52,2023-08-04 04:57,2023-08-04 07:18,2023-08-04 07:31,RWY27,ATR72,On-time,5
I5694,SpiceJet,BOM,HYD,2023-08-03 02:26,2023-08-03 02:31,2023-08-03 04:10,2023-08-03 04:15,RWY14,B737,On-time,5
6E375,Air India,BOM,HYD,2023-08-05 11:59,2023-08-05 12:09,2023-08-05 13:21,2023-08-05 13:32,RWY14,ATR72,Delayed,10
UK186,Vistara,BOM,HYD,2023-08-04 20:24,2023-08-04 20:34,2023-08-04 22:25,2023-08-04 22:31,RWY14,B737,Delayed,10
6E908,IndiGo,BOM,AMD,2023-08-07 02:23,2023-08-07 02:53,2023-08-07 03:55,2023-08-07 04:24,RWY14,A321,Delayed,30
SG405,IndiGo,BOM,BLR,2023-08-07 13:45,2023-08-07 13:50,2023-08-07 14:46,2023-08-07 14:54,RWY27,B737,On-time,5
UK706,GoAir,BOM,IXC,2023-08-04 11:19,2023-08-04 11:34,2023-08-04 12:31,2023-08-04 12:56,RWY14,ATR72,Delayed,15
G8454,AirAsia,BOM,PNQ,2023-08-01 22:03,2023-08-01 22:18,2023-08-01 23:35,2023-08-01 23:53,RWY14,A321,Delayed,15
6E669,AirAsia,BOM,HYD,2023-08-05 04:25,2023-08-05 04:25,2023-08-05 06:53,2023-08-05 06:59,RWY27,B737,On-time,0
I5138,Air India,BOM,CCU,2023-08-05 04:34,2023-08-05 04:34,2023-08-05 05:55,2023-08-05 06:05,RWY27,ATR72,On-time,0
G8115,Air India,BOM,IXC,2023-08-02 07:52,2023-08-02 07:52,2023-08-02 10:15,2023-08-02 10:10,RWY27,B737,On-time,0
SG693,GoAir,BOM,DEL,2023-08-07 07:43,2023-08-07 08:13,2023-08-07 09:53,2023-08-07 10:32,RWY27,A320,Delayed,30
6E947,Vistara,BOM,MAA,2023-08-03 10:52,2023-08-03 10:52,2023-08-03 13:10,2023-08-03 13:08,RWY14,A320,On-time,0
UK249,AirAsia,BOM,CCU,2023-08-05 19:15,2023-08-05 19:20,2023-08-05 20:45,2023-08-05 20:55,RWY14,A320,On-time,5
G8381,SpiceJet,BOM,MAA,2023-08-07 18:28,2023-08-07 18:33,2023-08-07 19:53,2023-08-07 20:07,RWY27,A320,On-time,5
I5329,SpiceJet,BOM,MAA,2023-08-01 06:10,2023-08-01 06:10,2023-08-01 07:16,2023-08-01 07:13,RWY14,ATR72,On-time,0
AI749,GoAir,BOM,BLR,2023-08-04 14:50,2023-08-04 14:55,2023-08-04 16:19,2023-08-04 16:26,RWY14,A321,On-time,5
AI142,AirAsia,BOM,HYD,2023-08-06 21:30,2023-08-06 21:45,2023-08-06 23:47,2023-08-07 00:07,RWY27,A321,Delayed,15
G8908,AirAsia,BOM,HYD,2023-08-02 09:06,2023-08-02 09:16,2023-08-02 10:09,2023-08-02 10:19,RWY14,A320,Delayed,10
6E974,Air India,BOM,AMD,2023-08-04 17:01,2023-08-04 17:11,2023-08-04 18:28,2023-08-04 18:42,RWY27,ATR72,Delayed,10
G8405,Vistara,BOM,HYD,2023-08-04 13:15,2023-08-04 13:25,2023-08-04 14:18,2023-08-04 14:27,RWY14,ATR72,Delayed,10
G8350,Vistara,BOM,HYD,2023-08-02 08:36,2023-08-02 08:41,2023-08-02 10:25,2023-08-02 10:25,RWY14,A321,On-time,5
I5995,IndiGo,BOM,BLR,2023-08-04 19:38,2023-08-04 19:43,2023-08-04 21:27,2023-08-04 21:34,RWY14,B737,On-time,5
6E775,AirAsia,BOM,PNQ,2023-08-07 05:43,2023-08-07 05:58,2023-08-07 07:47,2023-08-07 08:09,RWY14,A320,Delayed,15
AI760,AirAsia,BOM,IXC,2023-08-02 12:48,2023-08-02 12:48,2023-08-02 13:48,2023-08-02 13:44,RWY27,B737,On-time,0
G8841,Vistara,BOM,CCU,2023-08-01 23:47,2023-08-01 23:47,2023-08-02 00:55,2023-08-02 00:56,RWY27,ATR72,On-time,0
6E999,Vistara,BOM,IXC,2023-08-02 06:18,2023-08-02 06:33,2023-08-02 07:54,2023-08-02 08:06,RWY27,A320,Delayed,15
6E932,Vistara,BOM,IXC,2023-08-03 11:31,2023-08-03 11:36,2023-08-03 12:58,2023-08-03 13:03,RWY27,A320,On-time,5
SG342,Vistara,BOM,DEL,2023-08-05 21:10,2023-08-05 21:40,2023-08-05 23:28,2023-08-06 00:05,RWY14,A320,Delayed,30
G8470,Air India,BOM,GOI,2023-08-03 08:03,2023-08-03 08:13,2023-08-03 10:11,2023-08-03 10:20,RWY27,A320,Delayed,10
6E455,AirAsia,BOM,MAA,2023-08-05 10:15,2023-08-05 10:20,2023-08-05 12:06,2023-08-05 12:15,RWY27,A320,On-time,5
6E600,Vistara,BOM,DEL,2023-08-02 17:06,2023-08-02 17:06,2023-08-02 19:32,2023-08-02 19:29,RWY27,A320,On-time,0
SG113,GoAir,BOM,CCU,2023-08-06 01:44,2023-08-06 01:44,2023-08-06 03:09,2023-08-06 03:07,RWY14,B737,On-time,0
6E467,IndiGo,BOM,DEL,2023-08-05 06:22,2023-08-05 06:32,2023-08-05 07:31,2023-08-05 07:36,RWY14,A320,Delayed,10
UK285,IndiGo,BOM,IXC,2023-08-07 13:48,2023-08-07 14:03,2023-08-07 15:12,2023-08-07 15:28,RWY27,A320,Delayed,15
AI494,AirAsia,BOM,IXC,2023-08-03 02:43,2023-08-03 02:43,2023-08-03 03:56,2023-08-03 04:03,RWY27,ATR72,On-time,0
6E818,AirAsia,BOM,HYD,2023-08-05 00:25,2023-08-05 00:25,2023-08-05 02:35,2023-08-05 02:41,RWY27,B737,On-time,0
SG212,Vistara,BOM,PNQ,2023-08-02 11:17,2023-08-02 11:22,2023-08-02 12:49,2023-08-02 12:53,RWY14,B737,On-time,5
UK958,Vistara,BOM,GOI,2023-08-03 07:18,2023-08-03 07:33,2023-08-03 09:31,2023-08-03 09:54,RWY27,B737,Delayed,15
G8175,AirAsia,BOM,DEL,2023-08-02 14:19,2023-08-02 14:24,2023-08-02 16:20,2023-08-02 16:24,RWY14,A321,On-time,5
I5604,AirAsia,BOM,MAA,2023-08-05 12:22,2023-08-05 12:22,2023-08-05 14:47,2023-08-05 14:45,RWY27,A320,On-time,0
6E779,SpiceJet,BOM,PNQ,2023-08-01 06:16,2023-08-01 06:16,2023-08-01 08:22,2023-08-01 08:17,RWY27,ATR72,On-time,0
UK853,IndiGo,BOM,IXC,2023-08-02 19:40,2023-08-02 19:55,2023-08-02 21:29,2023-08-02 21:53,RWY14,B737,Delayed,15
I5964,IndiGo,BOM,GOI,2023-08-06 02:08,2023-08-06 02:23,2023-08-06 03:15,2023-08-06 03:38,RWY27,ATR72,Delayed,15
6E711,GoAir,BOM,GOI,2023-08-01 19:50,2023-08-01 20:00,2023-08-01 22:16,2023-08-01 22:32,RWY27,A321,Delayed,10
UK526,AirAsia,BOM,DEL,2023-08-04 03:26,2023-08-04 03:31,2023-08-04 05:43,2023-08-04 05:57,RWY27,B737,On-time,5
SG191,GoAir,BOM,AMD,2023-08-04 00:44,2023-08-04 00:44,2023-08-04 02:49,2023-08-04 02:49,RWY27,A320,On-time,0
AI786,Air India,BOM,BLR,2023-08-05 10:13,2023-08-05 11:13,2023-08-05 11:32,2023-08-05 12:35,RWY27,A321,Delayed,60
G8102,Air India,BOM,HYD,2023-08-04 19:52,2023-08-04 20:07,2023-08-04 21:42,2023-08-04 22:05,RWY14,ATR72,Delayed,15
UK789,Air India,BOM,DEL,2023-08-05 00:12,2023-08-05 00:12,2023-08-05 02:14,2023-08-05 02:21,RWY14,A320,On-time,0
SG333,SpiceJet,BOM,CCU,2023-08-01 09:44,2023-08-01 09:44,2023-08-01 11:01,2023-08-01 10:56,RWY14,ATR72,On-time,0
G8912,Air India,BOM,HYD,2023-08-06 05:09,2023-08-06 05:39,2023-08-06 06:12,2023-08-06 06:45,RWY27,B737,Delayed,30
AI223,GoAir,BOM,GOI,2023-08-05 20:20,2023-08-05 20:35,2023-08-05 22:47,2023-08-05 23:03,RWY14,A320,Delayed,15
SG425,Vistara,BOM,AMD,2023-08-05 21:49,2023-08-05 22:04,2023-08-05 23:53,2023-08-06 00:13,RWY14,A320,Delayed,15
UK253,Vistara,BOM,MAA,2023-08-07 19:48,2023-08-07 19:48,2023-08-07 21:12,2023-08-07 21:10,RWY14,B737,On-time,0
AI214,GoAir,BOM,MAA,2023-08-05 06:15,2023-08-05 06:30,2023-08-05 08:40,2023-08-05 08:54,RWY27,A320,Delayed,15
AI392,Vistara,BOM,HYD,2023-08-03 20:08,2023-08-03 20:13,2023-08-03 22:26,2023-08-03 22:41,RWY27,A320,On-time,5
SG429,Air India,BOM,IXC,2023-08-03 20:52,2023-08-03 20:57,2023-08-03 22:52,2023-08-03 23:00,RWY14,A320,On-time,5
SG906,IndiGo,BOM,IXC,2023-08-06 20:06,2023-08-06 20:11,2023-08-06 21:21,2023-08-06 21:27,RWY14,B737,On-time,5
UK628,AirAsia,BOM,AMD,2023-08-07 16:41,2023-08-07 16:51,2023-08-07 18:35,2023-08-07 18:45,RWY27,A320,Delayed,10
I5654,Air India,BOM,MAA,2023-08-02 19:17,2023-08-02 19:22,2023-08-02 20:58,2023-08-02 21:12,RWY14,A320,On-time,5
I5424,Air India,BOM,IXC,2023-08-07 05:52,2023-08-07 05:52,2023-08-07 07:38,2023-08-07 07:47,RWY14,A320,On-time,0
I5797,Air India,BOM,IXC,2023-08-04 08:27,2023-08-04 08:27,2023-08-04 10:18,2023-08-04 10:21,RWY14,B737,On-time,0
SG689,Vistara,BOM,CCU,2023-08-03 23:28,2023-08-03 23:43,2023-08-04 01:44,2023-08-04 02:03,RWY27,A321,Delayed,15
AI372,AirAsia,BOM,IXC,2023-08-05 19:49,2023-08-05 20:19,2023-08-05 20:53,2023-08-05 21:31,RWY14,A320,Delayed,30
6E135,AirAsia,BOM,MAA,2023-08-07 11:50,2023-08-07 11:50,2023-08-07 13:46,2023-08-07 13:54,RWY27,B737,On-time,0
UK730,SpiceJet,BOM,PNQ,2023-08-02 02:03,2023-08-02 03:03,2023-08-02 03:44,2023-08-02 04:41,RWY14,A321,Delayed,60
G8293,IndiGo,BOM,CCU,2023-08-03 02:47,2023-08-03 02:57,2023-08-03 04:48,2023-08-03 05:05,RWY14,B737,Delayed,10
6E783,Vistara,BOM,BLR,2023-08-02 06:08,2023-08-02 06:18,2023-08-02 07:52,2023-08-02 08:07,RWY27,A320,Delayed,10
I5450,AirAsia,BOM,IXC,2023-08-02 08:08,2023-08-02 08:08,2023-08-02 09:33,2023-08-02 09:30,RWY27,A321,On-time,0
G8152,IndiGo,BOM,MAA,2023-08-06 17:12,2023-08-06 17:17,2023-08-06 18:24,2023-08-06 18:37,RWY27,A321,On-time,5
I5262,GoAir,BOM,AMD,2023-08-02 20:14,2023-08-02 20:19,2023-08-02 22:25,2023-08-02 22:28,RWY14,ATR72,On-time,5
6E318,GoAir,BOM,HYD,2023-08-05 14:53,2023-08-05 14:58,2023-08-05 16:04,2023-08-05 16:18,RWY27,ATR72,On-time,5
I5813,Vistara,BOM,IXC,2023-08-06 06:28,2023-08-06 06:38,2023-08-06 08:27,2023-08-06 08:37,RWY27,ATR72,Delayed,10
SG836,Vistara,BOM,MAA,2023-08-06 14:42,2023-08-06 14:52,2023-08-06 17:05,2023-08-06 17:19,RWY14,B737,Delayed,10
G8985,AirAsia,BOM,DEL,2023-08-04 21:45,2023-08-04 22:00,2023-08-04 23:35,2023-08-04 23:49,RWY14,ATR72,Delayed,15
UK803,GoAir,BOM,AMD,2023-08-05 16:59,2023-08-05 17:59,2023-08-05 18:34,2023-08-05 19:33,RWY27,B737,Delayed,60
UK303,SpiceJet,BOM,BLR,2023-08-05 14:44,2023-08-05 14:49,2023-08-05 17:05,2023-08-05 17:09,RWY27,ATR72,On-time,5
G8905,AirAsia,BOM,GOI,2023-08-04 11:25,2023-08-04 11:25,2023-08-04 13:21,2023-08-04 13:17,RWY27,ATR72,On-time,0
I5285,Vistara,BOM,HYD,2023-08-02 21:37,2023-08-02 21:37,2023-08-02 23:37,2023-08-02 23:45,RWY27,A321,On-time,0
I5380,GoAir,BOM,HYD,2023-08-05 20:25,2023-08-05 20:25,2023-08-05 22:42,2023-08-05 22:43,RWY14,A320,On-time,0
6E105,AirAsia,BOM,PNQ,2023-08-01 01:51,2023-08-01 01:56,2023-08-01 02:57,2023-08-01 02:57,RWY14,A321,On-time,5
AI570,AirAsia,BOM,DEL,2023-08-04 10:15,2023-08-04 10:45,2023-08-04 11:24,2023-08-04 11:57,RWY27,ATR72,Delayed,30
UK940,SpiceJet,BOM,AMD,2023-08-05 14:27,2023-08-05 14:32,2023-08-05 16:01,2023-08-05 16:11,RWY27,A321,On-time,5
6E171,Air India,BOM,CCU,2023-08-05 09:06,2023-08-05 09:11,2023-08-05 10:55,2023-08-05 10:56,RWY14,ATR72,On-time,5
UK743,GoAir,BOM,BLR,2023-08-01 15:44,2023-08-01 15:54,2023-08-01 17:49,2023-08-01 17:54,RWY14,ATR72,Delayed,10
6E738,SpiceJet,BOM,DEL,2023-08-03 06:56,2023-08-03 07:01,2023-08-03 09:26,2023-08-03 09:27,RWY27,A321,On-time,5
UK683,IndiGo,BOM,HYD,2023-08-07 06:17,2023-08-07 06:17,2023-08-07 08:45,2023-08-07 08:49,RWY27,B737,On-time,0
UK165,SpiceJet,BOM,HYD,2023-08-03 02:04,2023-08-03 02:14,2023-08-03 03:18,2023-08-03 03:31,RWY27,A320,Delayed,10
6E444,Vistara,BOM,DEL,2023-08-04 07:36,2023-08-04 07:36,2023-08-04 09:49,2023-08-04 09:49,RWY14,B737,On-time,0
6E357,IndiGo,BOM,AMD,2023-08-07 08:10,2023-08-07 08:15,2023-08-07 10:02,2023-08-07 10:06,RWY27,ATR72,On-time,5
G8727,Vistara,BOM,IXC,2023-08-07 06:43,2023-08-07 06:43,2023-08-07 08:31,2023-08-07 08:28,RWY14,A320,On-time,0
I5206,Air India,BOM,MAA,2023-08-02 17:21,2023-08-02 17:21,2023-08-02 18:43,2023-08-02 18:45,RWY14,A320,On-time,0
SG200,SpiceJet,BOM,IXC,2023-08-01 04:20,2023-08-01 05:20,2023-08-01 06:24,2023-08-01 07:19,RWY14,A321,Delayed,60
SG425,Vistara,BOM,MAA,2023-08-04 10:28,2023-08-04 10:28,2023-08-04 12:53,2023-08-04 13:01,RWY14,A321,On-time,0
SG685,AirAsia,BOM,BLR,2023-08-06 02:08,2023-08-06 02:13,2023-08-06 03:51,2023-08-06 04:01,RWY27,ATR72,On-time,5
I5238,Air India,BOM,PNQ,2023-08-07 13:27,2023-08-07 13:42,2023-08-07 15:05,2023-08-07 15:25,RWY14,ATR72,Delayed,15
AI161,IndiGo,BOM,BLR,2023-08-05 06:36,2023-08-05 06:41,2023-08-05 08:47,2023-08-05 08:57,RWY27,B737,On-time,5
6E200,Air India,BOM,AMD,2023-08-05 01:52,2023-08-05 02:22,2023-08-05 04:21,2023-08-05 04:53,RWY14,A321,Delayed,30
G8415,SpiceJet,BOM,PNQ,2023-08-04 05:51,2023-08-04 05:56,2023-08-04 07:26,2023-08-04 07:38,RWY27,A320,On-time,5
UK778,AirAsia,BOM,CCU,2023-08-07 14:27,2023-08-07 14:42,2023-08-07 15:51,2023-08-07 16:06,RWY14,A320,Delayed,15
AI943,Air India,BOM,MAA,2023-08-06 15:31,2023-08-06 15:36,2023-08-06 17:09,2023-08-06 17:13,RWY14,B737,On-time,5
UK997,Vistara,BOM,GOI,2023-08-07 00:40,2023-08-07 00:40,2023-08-07 02:58,2023-08-07 03:06,RWY14,A320,On-time,0
6E343,AirAsia,BOM,CCU,2023-08-05 02:00,2023-08-05 02:05,2023-08-05 03:23,2023-08-05 03:33,RWY14,A320,On-time,5
UK680,Air India,BOM,CCU,2023-08-04 22:40,2023-08-04 23:10,2023-08-05 00:20,2023-08-05 00:53,RWY14,A320,Delayed,30
6E628,Vistara,BOM,DEL,2023-08-06 09:31,2023-08-06 09:31,2023-08-06 11:37,2023-08-06 11:38,RWY27,A320,On-time,0
SG728,Vistara,BOM,PNQ,2023-08-01 05:57,2023-08-01 06:02,2023-08-01 07:11,2023-08-01 07:20,RWY14,B737,On-time,5
G8637,Air India,BOM,HYD,2023-08-05 12:20,2023-08-05 12:20,2023-08-05 14:05,2023-08-05 14:05,RWY27,A320,On-time,0
AI648,SpiceJet,BOM,BLR,2023-08-02 12:20,2023-08-02 12:30,2023-08-02 13:36,2023-08-02 13:45,RWY14,A321,Delayed,10
AI786,Vistara,BOM,PNQ,2023-08-06 12:11,2023-08-06 12:11,2023-08-06 13:46,2023-08-06 13:47,RWY27,ATR72,On-time,0
I5255,AirAsia,BOM,BLR,2023-08-05 08:44,2023-08-05 08:44,2023-08-05 11:02,2023-08-05 11:11,RWY14,A320,On-time,0
I5510,GoAir,BOM,IXC,2023-08-04 03:45,2023-08-04 04:00,2023-08-04 05:16,2023-08-04 05:40,RWY14,A321,Delayed,15
I5132,Air India,BOM,HYD,2023-08-03 01:22,2023-08-03 03:22,2023-08-03 03:11,2023-08-03 05:10,RWY14,A321,Delayed,120
AI635,IndiGo,BOM,IXC,2023-08-07 02:51,2023-08-07 03:01,2023-08-07 03:59,2023-08-07 04:11,RWY14,ATR72,Delayed,10
I5425,GoAir,BOM,GOI,2023-08-04 03:54,2023-08-04 03:54,2023-08-04 05:13,2023-08-04 05:18,RWY27,ATR72,On-time,0
UK501,AirAsia,BOM,GOI,2023-08-05 10:27,2023-08-05 10:32,2023-08-05 11:42,2023-08-05 11:46,RWY14,A320,On-time,5
G8392,IndiGo,BOM,PNQ,2023-08-05 11:17,2023-08-05 11:32,2023-08-05 12:41,2023-08-05 12:54,RWY14,ATR72,Delayed,15
6E492,GoAir,BOM,MAA,2023-08-02 19:39,2023-08-02 20:09,2023-08-02 21:41,2023-08-02 22:14,RWY14,ATR72,Delayed,30
SG513,IndiGo,BOM,HYD,2023-08-01 00:16,2023-08-01 00:31,2023-08-01 01:52,2023-08-01 02:05,RWY14,B737,Delayed,15
UK831,Air India,BOM,AMD,2023-08-05 16:07,2023-08-05 16:12,2023-08-05 17:09,2023-08-05 17:09,RWY14,B737,On-time,5
SG121,Vistara,BOM,MAA,2023-08-01 02:17,2023-08-01 02:27,2023-08-01 03:57,2023-08-01 04:12,RWY27,A320,Delayed,10
G8486,Vistara,BOM,CCU,2023-08-05 10:28,2023-08-05 10:38,2023-08-05 12:11,2023-08-05 12:26,RWY14,A320,Delayed,10
AI297,IndiGo,BOM,PNQ,2023-08-03 05:28,2023-08-03 05:28,2023-08-03 07:15,2023-08-03 07:22,RWY14,A321,On-time,0
UK584,GoAir,BOM,HYD,2023-08-03 08:20,2023-08-03 08:35,2023-08-03 10:43,2023-08-03 10:57,RWY14,B737,Delayed,15
I5299,GoAir,BOM,CCU,2023-08-04 13:56,2023-08-04 14:01,2023-08-04 14:58,2023-08-04 15:01,RWY14,A321,On-time,5
AI600,GoAir,BOM,IXC,2023-08-02 08:45,2023-08-02 09:00,2023-08-02 10:40,2023-08-02 10:54,RWY27,B737,Delayed,15
UK649,Air India,BOM,IXC,2023-08-04 18:29,2023-08-04 18:29,2023-08-04 20:11,2023-08-04 20:16,RWY14,A321,On-time,0
6E206,GoAir,BOM,BLR,2023-08-05 08:15,2023-08-05 08:15,2023-08-05 09:41,2023-08-05 09:51,RWY14,B737,On-time,0
6E411,SpiceJet,BOM,MAA,2023-08-06 16:07,2023-08-06 16:17,2023-08-06 17:57,2023-08-06 18:09,RWY27,B737,Delayed,10
UK537,IndiGo,BOM,MAA,2023-08-05 15:46,2023-08-05 16:16,2023-08-05 16:58,2023-08-05 17:31,RWY27,A320,Delayed,30
UK654,GoAir,BOM,GOI,2023-08-03 16:07,2023-08-03 16:07,2023-08-03 17:23,2023-08-03 17:28,RWY27,A320,On-time,0
G8929,GoAir,BOM,GOI,2023-08-04 09:42,2023-08-04 10:12,2023-08-04 11:55,2023-08-04 12:28,RWY27,A321,Delayed,30
AI626,SpiceJet,BOM,HYD,2023-08-02 21:46,2023-08-02 22:46,2023-08-02 23:16,2023-08-03 00:18,RWY27,A321,Delayed,60
6E702,SpiceJet,BOM,DEL,2023-08-07 09:03,2023-08-07 09:33,2023-08-07 10:24,2023-08-07 10:51,RWY27,A321,Delayed,30
SG214,GoAir,BOM,BLR,2023-08-07 06:34,2023-08-07 06:34,2023-08-07 08:40,2023-08-07 08:35,RWY27,A320,On-time,0
I5884,SpiceJet,BOM,IXC,2023-08-05 01:08,2023-08-05 01:18,2023-08-05 02:57,2023-08-05 03:10,RWY14,ATR72,Delayed,10
6E619,GoAir,BOM,BLR,2023-08-05 23:02,2023-08-05 23:32,2023-08-06 00:47,2023-08-06 01:24,RWY27,A321,Delayed,30
I5474,GoAir,BOM,IXC,2023-08-04 06:55,2023-08-04 06:55,2023-08-04 07:55,2023-08-04 07:59,RWY14,A321,On-time,0
SG738,IndiGo,BOM,MAA,2023-08-05 13:53,2023-08-05 13:58,2023-08-05 15:58,2023-08-05 16:01,RWY27,B737,On-time,5
UK165,AirAsia,BOM,HYD,2023-08-07 18:02,2023-08-07 18:07,2023-08-07 20:27,2023-08-07 20:31,RWY14,A321,On-time,5
UK733,AirAsia,BOM,HYD,2023-08-07 05:35,2023-08-07 05:35,2023-08-07 07:12,2023-08-07 07:21,RWY14,A320,Cancelled,0
AI372,Air India,BOM,AMD,2023-08-02 17:28,2023-08-02 17:28,2023-08-02 18:42,2023-08-02 18:43,RWY14,B737,On-time,0
UK927,GoAir,BOM,IXC,2023-08-01 05:43,2023-08-01 05:58,2023-08-01 07:30,2023-08-01 07:43,RWY14,B737,Delayed,15
6E577,GoAir,BOM,HYD,2023-08-02 08:26,2023-08-02 08:31,2023-08-02 09:36,2023-08-02 09:48,RWY27,A321,On-time,5
I5390,Vistara,BOM,GOI,2023-08-05 00:18,2023-08-05 00:28,2023-08-05 02:45,2023-08-05 03:00,RWY27,B737,Delayed,10
UK156,AirAsia,BOM,PNQ,2023-08-05 13:29,2023-08-05 13:39,2023-08-05 14:47,2023-08-05 15:03,RWY14,B737,Delayed,10
6E592,IndiGo,BOM,AMD,2023-08-04 11:45,2023-08-04 11:45,2023-08-04 13:45,2023-08-04 13:55,RWY14,ATR72,On-time,0
UK466,AirAsia,BOM,MAA,2023-08-03 12:53,2023-08-03 13:08,2023-08-03 14:39,2023-08-03 14:50,RWY27,B737,Delayed,15
AI304,Air India,BOM,GOI,2023-08-05 03:02,2023-08-05 03:32,2023-08-05 04:07,2023-08-05 04:37,RWY14,ATR72,Delayed,30
G8221,GoAir,BOM,GOI,2023-08-07 07:50,2023-08-07 07:50,2023-08-07 09:26,2023-08-07 09:34,RWY14,ATR72,On-time,0
G8222,SpiceJet,BOM,PNQ,2023-08-01 16:17,2023-08-01 16:27,2023-08-01 18:13,2023-08-01 18:23,RWY14,ATR72,Delayed,10
I5921,Vistara,BOM,CCU,2023-08-05 14:30,2023-08-05 14:30,2023-08-05 15:49,2023-08-05 15:57,RWY27,B737,On-time,0
G8937,GoAir,BOM,CCU,2023-08-02 14:00,2023-08-02 14:30,2023-08-02 16:25,2023-08-02 17:04,RWY27,A320,Delayed,30
UK817,Vistara,BOM,CCU,2023-08-07 02:15,2023-08-07 02:30,2023-08-07 04:12,2023-08-07 04:23,RWY14,A320,Delayed,15
I5436,Air India,BOM,HYD,2023-08-03 18:38,2023-08-03 18:38,2023-08-03 20:00,2023-08-03 19:59,RWY14,A320,On-time,0
UK384,Vistara,BOM,CCU,2023-08-01 06:57,2023-08-01 07:27,2023-08-01 09:01,2023-08-01 09:36,RWY14,B737,Delayed,30
AI720,SpiceJet,BOM,MAA,2023-08-05 18:45,2023-08-05 18:45,2023-08-05 20:19,2023-08-05 20:21,RWY27,A321,On-time,0
AI243,IndiGo,BOM,GOI,2023-08-02 17:06,2023-08-02 17:11,2023-08-02 19:04,2023-08-02 19:04,RWY27,ATR72,On-time,5
UK684,Air India,BOM,DEL,2023-08-01 19:34,2023-08-01 19:39,2023-08-01 21:17,2023-08-01 21:18,RWY14,A320,On-time,5
G8766,IndiGo,BOM,GOI,2023-08-06 09:55,2023-08-06 10:10,2023-08-06 11:43,2023-08-06 11:55,RWY14,B737,Delayed,15
UK239,AirAsia,BOM,IXC,2023-08-01 09:59,2023-08-01 10:29,2023-08-01 11:15,2023-08-01 11:55,RWY27,B737,Delayed,30
AI790,AirAsia,BOM,MAA,2023-08-03 08:54,2023-08-03 09:04,2023-08-03 11:12,2023-08-03 11:29,RWY14,ATR72,Delayed,10
AI499,Vistara,BOM,GOI,2023-08-01 07:00,2023-08-01 07:10,2023-08-01 08:23,2023-08-01 08:41,RWY27,A321,Delayed,10
6E986,AirAsia,BOM,GOI,2023-08-06 04:43,2023-08-06 05:43,2023-08-06 06:46,2023-08-06 07:44,RWY14,A321,Delayed,60
G8957,SpiceJet,BOM,HYD,2023-08-06 00:10,2023-08-06 00:10,2023-08-06 02:30,2023-08-06 02:40,RWY14,B737,On-time,0
6E802,Vistara,BOM,GOI,2023-08-02 07:20,2023-08-02 07:20,2023-08-02 08:41,2023-08-02 08:45,RWY14,A321,On-time,0
6E281,SpiceJet,BOM,HYD,2023-08-06 19:43,2023-08-06 19:43,2023-08-06 21:01,2023-08-06 21:10,RWY27,B737,On-time,0
I5904,Air India,BOM,PNQ,2023-08-03 03:45,2023-08-03 03:45,2023-08-03 04:49,2023-08-03 04:52,RWY27,A320,On-time,0
SG313,SpiceJet,BOM,IXC,2023-08-02 19:31,2023-08-02 19:36,2023-08-02 20:53,2023-08-02 21:04,RWY27,B737,On-time,5
AI432,IndiGo,BOM,AMD,2023-08-03 12:34,2023-08-03 13:04,2023-08-03 14:41,2023-08-03 15:06,RWY27,ATR72,Delayed,30
UK939,IndiGo,BOM,AMD,2023-08-06 11:23,2023-08-06 11:23,2023-08-06 13:49,2023-08-06 13:58,RWY27,ATR72,On-time,0
SG670,GoAir,BOM,DEL,2023-08-06 11:22,2023-08-06 11:27,2023-08-06 13:38,2023-08-06 13:47,RWY27,A321,On-time,5
UK713,GoAir,BOM,CCU,2023-08-04 05:44,2023-08-04 05:54,2023-08-04 07:38,2023-08-04 07:58,RWY27,ATR72,Delayed,10
AI200,Vistara,BOM,CCU,2023-08-07 02:05,2023-08-07 02:05,2023-08-07 04:35,2023-08-07 04:37,RWY14,A320,On-time,0
I5903,Vistara,BOM,BLR,2023-08-02 20:59,2023-08-02 21:14,2023-08-02 22:32,2023-08-02 22:45,RWY14,A321,Delayed,15
6E639,Vistara,BOM,PNQ,2023-08-05 01:28,2023-08-05 01:28,2023-08-05 03:41,2023-08-05 03:44,RWY14,B737,On-time,0
AI479,AirAsia,BOM,BLR,2023-08-05 07:14,2023-08-05 07:14,2023-08-05 09:35,2023-08-05 09:35,RWY14,B737,On-time,0
SG310,Air India,BOM,MAA,2023-08-02 01:17,2023-08-02 01:22,2023-08-02 03:12,2023-08-02 03:16,RWY14,A321,On-time,5
SG420,IndiGo,BOM,PNQ,2023-08-04 22:07,2023-08-04 22:07,2023-08-05 00:09,2023-08-05 00:17,RWY27,B737,On-time,0
G8694,IndiGo,BOM,PNQ,2023-08-06 18:31,2023-08-06 18:41,2023-08-06 20:54,2023-08-06 21:10,RWY27,A320,Delayed,10
SG825,GoAir,BOM,AMD,2023-08-02 16:47,2023-08-02 17:02,2023-08-02 19:12,2023-08-02 19:27,RWY27,ATR72,Delayed,15
AI167,SpiceJet,BOM,CCU,2023-08-04 19:02,2023-08-04 19:17,2023-08-04 20:51,2023-08-04 21:03,RWY14,A320,Delayed,15
SG242,AirAsia,BOM,AMD,2023-08-04 15:52,2023-08-04 16:02,2023-08-04 17:01,2023-08-04 17:11,RWY14,A321,Delayed,10
AI339,SpiceJet,BOM,DEL,2023-08-06 20:53,2023-08-06 21:03,2023-08-06 23:06,2023-08-06 23:16,RWY27,A320,Delayed,10
SG832,SpiceJet,BOM,HYD,2023-08-02 15:49,2023-08-02 15:59,2023-08-02 18:16,2023-08-02 18:32,RWY14,A321,Delayed,10
UK878,Air India,BOM,HYD,2023-08-02 07:53,2023-08-02 07:58,2023-08-02 09:04,2023-08-02 09:16,RWY27,B737,On-time,5
G8532,IndiGo,BOM,GOI,2023-08-06 15:04,2023-08-06 15:14,2023-08-06 16:18,2023-08-06 16:35,RWY27,A321,Delayed,10
SG470,Air India,BOM,HYD,2023-08-04 22:24,2023-08-04 22:29,2023-08-04 23:40,2023-08-04 23:43,RWY14,B737,On-time,5
AI943,AirAsia,BOM,DEL,2023-08-05 14:12,2023-08-05 14:27,2023-08-05 16:13,2023-08-05 16:27,RWY14,A320,Delayed,15
AI590,SpiceJet,BOM,GOI,2023-08-06 12:23,2023-08-06 12:33,2023-08-06 13:41,2023-08-06 13:59,RWY14,A321,Delayed,10
I5422,SpiceJet,BOM,HYD,2023-08-07 15:36,2023-08-07 15:36,2023-08-07 16:43,2023-08-07 16:44,RWY27,B737,On-time,0
6E630,Air India,BOM,MAA,2023-08-01 16:09,2023-08-01 16:14,2023-08-01 18:10,2023-08-01 18:21,RWY14,A320,On-time,5
AI440,IndiGo,BOM,MAA,2023-08-07 12:36,2023-08-07 12:51,2023-08-07 14:38,2023-08-07 15:00,RWY27,ATR72,Delayed,15
SG414,AirAsia,BOM,IXC,2023-08-07 18:42,2023-08-07 18:52,2023-08-07 20:02,2023-08-07 20:07,RWY27,B737,Delayed,10
UK746,Vistara,BOM,AMD,2023-08-02 10:12,2023-08-02 10:22,2023-08-02 12:04,2023-08-02 12:21,RWY27,A321,Delayed,10
SG937,AirAsia,BOM,DEL,2023-08-06 10:11,2023-08-06 10:11,2023-08-06 11:25,2023-08-06 11:30,RWY27,ATR72,On-time,0
6E967,IndiGo,BOM,HYD,2023-08-03 17:08,2023-08-03 17:23,2023-08-03 18:44,2023-08-03 19:04,RWY27,ATR72,Delayed,15
6E292,AirAsia,BOM,BLR,2023-08-06 07:54,2023-08-06 08:09,2023-08-06 10:19,2023-08-06 10:37,RWY14,A320,Delayed,15
SG247,SpiceJet,BOM,GOI,2023-08-05 14:44,2023-08-05 14:49,2023-08-05 15:57,2023-08-05 16:06,RWY14,B737,On-time,5
UK328,SpiceJet,BOM,DEL,2023-08-01 20:05,2023-08-01 20:05,2023-08-01 21:45,2023-08-01 21:48,RWY14,A320,On-time,0
I5711,Vistara,BOM,BLR,2023-08-04 23:46,2023-08-04 23:46,2023-08-05 01:52,2023-08-05 01:52,RWY14,A321,On-time,0
G8149,IndiGo,BOM,GOI,2023-08-07 00:24,2023-08-07 00:24,2023-08-07 01:43,2023-08-07 01:42,RWY14,A321,On-time,0
UK931,SpiceJet,BOM,IXC,2023-08-02 23:17,2023-08-02 23:17,2023-08-03 01:45,2023-08-03 01:40,RWY27,B737,On-time,0
I5160,GoAir,BOM,AMD,2023-08-04 08:34,2023-08-04 09:04,2023-08-04 10:23,2023-08-04 10:52,RWY14,ATR72,Delayed,30
AI842,Air India,BOM,HYD,2023-08-04 12:48,2023-08-04 12:48,2023-08-04 15:12,2023-08-04 15:10,RWY14,A320,On-time,0
I5711,Air India,BOM,PNQ,2023-08-04 02:26,2023-08-04 02:26,2023-08-04 04:37,2023-08-04 04:35,RWY14,ATR72,On-time,0
I5803,Air India,BOM,PNQ,2023-08-01 06:12,2023-08-01 06:22,2023-08-01 07:33,2023-08-01 07:46,RWY14,ATR72,Delayed,10
6E205,Vistara,BOM,BLR,2023-08-02 22:32,2023-08-02 23:02,2023-08-03 00:34,2023-08-03 01:05,RWY14,B737,Delayed,30
UK878,IndiGo,BOM,DEL,2023-08-04 17:00,2023-08-04 17:05,2023-08-04 19:15,2023-08-04 19:17,RWY27,ATR72,On-time,5
AI436,GoAir,BOM,GOI,2023-08-01 00:14,2023-08-01 00:24,2023-08-01 02:31,2023-08-01 02:36,RWY14,B737,Delayed,10
6E453,IndiGo,BOM,CCU,2023-08-01 00:54,2023-08-01 01:54,2023-08-01 03:13,2023-08-01 04:23,RWY27,A321,Delayed,60
SG865,IndiGo,BOM,DEL,2023-08-03 05:17,2023-08-03 05:22,2023-08-03 06:25,2023-08-03 06:26,RWY14,B737,On-time,5
SG770,Vistara,BOM,MAA,2023-08-05 17:18,2023-08-05 17:18,2023-08-05 18:41,2023-08-05 18:38,RWY14,A321,On-time,0
SG996,AirAsia,BOM,CCU,2023-08-04 14:42,2023-08-04 14:47,2023-08-04 15:42,2023-08-04 15:42,RWY27,ATR72,On-time,5
6E512,GoAir,BOM,GOI,2023-08-07 04:16,2023-08-07 04:21,2023-08-07 06:12,2023-08-07 06:18,RWY14,B737,On-time,5
AI564,Air India,BOM,MAA,2023-08-06 11:18,2023-08-06 11:28,2023-08-06 12:26,2023-08-06 12:46,RWY27,A321,Delayed,10
SG835,Vistara,BOM,AMD,2023-08-02 16:36,2023-08-02 16:51,2023-08-02 17:58,2023-08-02 18:12,RWY27,A321,Delayed,15
UK491,AirAsia,BOM,HYD,2023-08-04 20:34,2023-08-04 21:04,2023-08-04 22:59,2023-08-04 23:36,RWY14,ATR72,Delayed,30
AI236,Air India,BOM,CCU,2023-08-06 18:30,2023-08-06 18:35,2023-08-06 20:05,2023-08-06 20:05,RWY27,ATR72,On-time,5
6E601,Vistara,BOM,GOI,2023-08-01 12:54,2023-08-01 13:09,2023-08-01 13:55,2023-08-01 14:18,RWY14,ATR72,Delayed,15
G8522,IndiGo,BOM,BLR,2023-08-02 20:56,2023-08-02 21:01,2023-08-02 22:40,2023-08-02 22:49,RWY14,B737,On-time,5
6E351,AirAsia,BOM,MAA,2023-08-01 04:35,2023-08-01 04:45,2023-08-01 06:34,2023-08-01 06:45,RWY14,A321,Delayed,10
G8902,IndiGo,BOM,BLR,2023-08-02 14:32,2023-08-02 15:02,2023-08-02 15:37,2023-08-02 16:11,RWY14,A321,Delayed,30
6E105,IndiGo,BOM,HYD,2023-08-01 01:09,2023-08-01 01:09,2023-08-01 03:13,2023-08-01 03:17,RWY14,B737,On-time,0
G8936,Vistara,BOM,BLR,2023-08-05 13:35,2023-08-05 13:40,2023-08-05 15:27,2023-08-05 15:34,RWY27,ATR72,On-time,5
I5217,AirAsia,BOM,DEL,2023-08-01 19:40,2023-08-01 19:40,2023-08-01 20:51,2023-08-01 20:58,RWY14,A320,On-time,0
I5493,GoAir,BOM,IXC,2023-08-04 05:21,2023-08-04 05:26,2023-08-04 06:46,2023-08-04 06:53,RWY27,A321,On-time,5
UK435,GoAir,BOM,GOI,2023-08-03 06:37,2023-08-03 06:42,2023-08-03 07:49,2023-08-03 07:54,RWY27,B737,On-time,5
AI906,AirAsia,BOM,HYD,2023-08-07 11:55,2023-08-07 11:55,2023-08-07 13:32,2023-08-07 13:36,RWY14,A321,On-time,0
G8600,SpiceJet,BOM,IXC,2023-08-04 04:49,2023-08-04 05:04,2023-08-04 07:04,2023-08-04 07:28,RWY14,A320,Delayed,15
UK234,AirAsia,BOM,GOI,2023-08-01 07:53,2023-08-01 08:08,2023-08-01 10:19,2023-08-01 10:30,RWY14,ATR72,Delayed,15
6E557,IndiGo,BOM,DEL,2023-08-07 07:14,2023-08-07 08:14,2023-08-07 09:01,2023-08-07 09:59,RWY14,A320,Delayed,60
AI494,Vistara,BOM,BLR,2023-08-07 06:54,2023-08-07 07:04,2023-08-07 08:57,2023-08-07 09:14,RWY14,A320,Delayed,10
SG773,Vistara,BOM,AMD,2023-08-05 15:05,2023-08-05 15:05,2023-08-05 16:56,2023-08-05 17:05,RWY14,B737,On-time,0
G8758,AirAsia,BOM,BLR,2023-08-01 00:48,2023-08-01 01:03,2023-08-01 03:12,2023-08-01 03:29,RWY27,A321,Delayed,15
I5409,GoAir,BOM,HYD,2023-08-04 04:38,2023-08-04 04:48,2023-08-04 06:50,2023-08-04 07:03,RWY27,A320,Delayed,10
I5820,SpiceJet,BOM,DEL,2023-08-06 06:25,2023-08-06 06:55,2023-08-06 08:20,2023-08-06 08:58,RWY27,A320,Delayed,30
UK469,IndiGo,BOM,AMD,2023-08-02 08:53,2023-08-02 08:53,2023-08-02 10:26,2023-08-02 10:21,RWY27,B737,On-time,0
G8624,Vistara,BOM,CCU,2023-08-04 18:57,2023-08-04 19:02,2023-08-04 21:03,2023-08-04 21:13,RWY14,A320,On-time,5
SG655,SpiceJet,BOM,DEL,2023-08-06 20:43,2023-08-06 21:43,2023-08-06 22:23,2023-08-06 23:28,RWY14,A321,Delayed,60
SG348,IndiGo,BOM,HYD,2023-08-05 20:30,2023-08-05 20:30,2023-08-05 22:27,2023-08-05 22:30,RWY14,ATR72,On-time,0
AI300,GoAir,BOM,PNQ,2023-08-07 02:58,2023-08-07 03:03,2023-08-07 05:13,2023-08-07 05:22,RWY27,A320,On-time,5
6E464,SpiceJet,BOM,MAA,2023-08-05 10:12,2023-08-05 10:42,2023-08-05 11:26,2023-08-05 12:00,RWY27,A321,Delayed,30
G8716,GoAir,BOM,BLR,2023-08-03 10:30,2023-08-03 11:00,2023-08-03 12:55,2023-08-03 13:22,RWY14,ATR72,Delayed,30
SG388,IndiGo,BOM,MAA,2023-08-02 04:03,2023-08-02 04:33,2023-08-02 06:13,2023-08-02 06:38,RWY27,A320,Delayed,30
SG790,Air India,BOM,MAA,2023-08-04 06:04,2023-08-04 06:14,2023-08-04 08:17,2023-08-04 08:32,RWY27,ATR72,Delayed,10
SG832,AirAsia,BOM,IXC,2023-08-04 23:07,2023-08-04 23:07,2023-08-05 00:24,2023-08-05 00:19,RWY27,A321,On-time,0
I5279,Vistara,BOM,BLR,2023-08-04 18:05,2023-08-04 18:10,2023-08-04 20:00,2023-08-04 20:04,RWY14,B737,On-time,5
UK355,Vistara,BOM,PNQ,2023-08-03 03:28,2023-08-03 03:33,2023-08-03 05:45,2023-08-03 05:46,RWY27,B737,On-time,5
UK902,Air India,BOM,IXC,2023-08-05 19:45,2023-08-05 19:55,2023-08-05 21:23,2023-08-05 21:30,RWY27,B737,Delayed,10
SG751,Air India,BOM,MAA,2023-08-01 23:32,2023-08-02 00:02,2023-08-02 00:59,2023-08-02 01:38,RWY27,A321,Delayed,30
SG721,Vistara,BOM,BLR,2023-08-03 06:00,2023-08-03 06:10,2023-08-03 07:18,2023-08-03 07:24,RWY27,A320,Delayed,10
I5724,Air India,BOM,HYD,2023-08-05 20:47,2023-08-05 20:52,2023-08-05 22:28,2023-08-05 22:31,RWY14,B737,On-time,5
AI278,Vistara,BOM,CCU,2023-08-01 11:26,2023-08-01 11:31,2023-08-01 12:59,2023-08-01 13:04,RWY27,A320,On-time,5
AI619,IndiGo,BOM,HYD,2023-08-02 17:43,2023-08-02 17:53,2023-08-02 20:12,2023-08-02 20:25,RWY14,A320,Delayed,10
G8917,AirAsia,BOM,PNQ,2023-08-01 23:59,2023-08-01 23:59,2023-08-02 00:59,2023-08-02 01:03,RWY27,ATR72,On-time,0
UK238,Vistara,BOM,HYD,2023-08-04 22:39,2023-08-04 22:44,2023-08-05 00:48,2023-08-05 00:50,RWY14,A320,On-time,5
SG106,GoAir,BOM,CCU,2023-08-03 03:15,2023-08-03 03:15,2023-08-03 05:04,2023-08-03 05:09,RWY27,A320,On-time,0
6E640,SpiceJet,BOM,HYD,2023-08-01 02:03,2023-08-01 02:18,2023-08-01 03:08,2023-08-01 03:33,RWY14,ATR72,Delayed,15
SG972,SpiceJet,BOM,HYD,2023-08-07 11:56,2023-08-07 12:11,2023-08-07 14:01,2023-08-07 14:22,RWY14,A320,Delayed,15
AI184,AirAsia,BOM,GOI,2023-08-01 02:11,2023-08-01 02:16,2023-08-01 04:40,2023-08-01 04:42,RWY27,A321,On-time,5
I5987,GoAir,BOM,DEL,2023-08-07 19:53,2023-08-07 19:53,2023-08-07 22:19,2023-08-07 22:19,RWY27,A321,On-time,0
SG213,GoAir,BOM,AMD,2023-08-06 08:43,2023-08-06 09:13,2023-08-06 10:33,2023-08-06 11:00,RWY27,A320,Delayed,30
SG221,GoAir,BOM,GOI,2023-08-03 00:36,2023-08-03 00:36,2023-08-03 02:55,2023-08-03 02:54,RWY27,ATR72,On-time,0
SG295,Vistara,BOM,HYD,2023-08-05 10:06,2023-08-05 10:06,2023-08-05 11:26,2023-08-05 11:33,RWY27,B737,On-time,0
SG919,IndiGo,BOM,IXC,2023-08-07 09:15,2023-08-07 09:15,2023-08-07 10:58,2023-08-07 11:03,RWY27,A321,On-time,0
G8646,SpiceJet,BOM,MAA,2023-08-04 01:56,2023-08-04 02:11,2023-08-04 03:20,2023-08-04 03:37,RWY27,A321,Delayed,15
6E388,GoAir,BOM,AMD,2023-08-04 03:59,2023-08-04 03:59,2023-08-04 05:23,2023-08-04 05:21,RWY14,A320,On-time,0
I5570,GoAir,BOM,PNQ,2023-08-01 05:30,2023-08-01 05:30,2023-08-01 07:28,2023-08-01 07:26,RWY27,A321,On-time,0
UK704,IndiGo,BOM,MAA,2023-08-03 14:00,2023-08-03 14:00,2023-08-03 15:10,2023-08-03 15:09,RWY27,A320,On-time,0
6E404,IndiGo,BOM,GOI,2023-08-05 21:37,2023-08-05 21:42,2023-08-05 23:42,2023-08-05 23:49,RWY14,B737,On-time,5
SG385,Air India,BOM,HYD,2023-08-02 11:54,2023-08-02 12:04,2023-08-02 12:56,2023-08-02 13:13,RWY27,A321,Delayed,10
SG897,Vistara,BOM,PNQ,2023-08-06 01:10,2023-08-06 01:20,2023-08-06 02:49,2023-08-06 03:05,RWY14,A320,Delayed,10
UK738,Vistara,BOM,MAA,2023-08-04 18:51,2023-08-04 19:01,2023-08-04 21:07,2023-08-04 21:19,RWY27,B737,Delayed,10
6E955,GoAir,BOM,GOI,2023-08-07 23:36,2023-08-08 01:36,2023-08-08 02:05,2023-08-08 04:05,RWY14,A321,Delayed,120
I5894,IndiGo,BOM,HYD,2023-08-06 18:48,2023-08-06 18:53,2023-08-06 21:16,2023-08-06 21:22,RWY27,B737,On-time,5
I5423,AirAsia,BOM,DEL,2023-08-07 23:53,2023-08-08 00:08,2023-08-08 02:18,2023-08-08 02:31,RWY14,ATR72,Delayed,15
I5450,AirAsia,BOM,PNQ,2023-08-01 20:51,2023-08-01 21:06,2023-08-01 22:55,2023-08-01 23:19,RWY27,A320,Delayed,15
AI358,SpiceJet,BOM,PNQ,2023-08-04 12:06,2023-08-04 12:06,2023-08-04 14:03,2023-08-04 14:09,RWY14,ATR72,On-time,0
AI647,Vistara,BOM,AMD,2023-08-06 00:34,2023-08-06 01:04,2023-08-06 01:54,2023-08-06 02:24,RWY27,ATR72,Delayed,30
UK374,SpiceJet,BOM,DEL,2023-08-01 05:36,2023-08-01 05:41,2023-08-01 06:36,2023-08-01 06:38,RWY14,A321,On-time,5
AI665,Air India,BOM,MAA,2023-08-02 21:43,2023-08-02 21:53,2023-08-02 23:24,2023-08-02 23:31,RWY14,B737,Delayed,10
UK244,SpiceJet,BOM,AMD,2023-08-05 13:30,2023-08-05 13:45,2023-08-05 15:51,2023-08-05 16:16,RWY14,ATR72,Delayed,15
UK296,SpiceJet,BOM,CCU,2023-08-05 00:14,2023-08-05 00:14,2023-08-05 01:51,2023-08-05 01:53,RWY14,B737,On-time,0
G8950,AirAsia,BOM,PNQ,2023-08-01 22:37,2023-08-01 22:37,2023-08-02 01:07,2023-08-02 01:16,RWY27,ATR72,On-time,0
G8302,Vistara,BOM,GOI,2023-08-04 08:29,2023-08-04 08:39,2023-08-04 10:31,2023-08-04 10:42,RWY14,B737,Delayed,10
SG913,SpiceJet,BOM,BLR,2023-08-07 05:48,2023-08-07 06:48,2023-08-07 06:48,2023-08-07 07:55,RWY27,A320,Delayed,60
AI605,Vistara,BOM,GOI,2023-08-01 02:01,2023-08-01 02:16,2023-08-01 04:30,2023-08-01 04:51,RWY14,ATR72,Delayed,15
SG682,Air India,BOM,PNQ,2023-08-07 03:52,2023-08-07 03:57,2023-08-07 05:18,2023-08-07 05:29,RWY14,B737,On-time,5
AI849,Vistara,BOM,CCU,2023-08-02 14:11,2023-08-02 14:16,2023-08-02 15:45,2023-08-02 15:46,RWY14,A320,On-time,5
UK285,Vistara,BOM,HYD,2023-08-04 00:35,2023-08-04 00:35,2023-08-04 01:42,2023-08-04 01:52,RWY14,A320,On-time,0
AI120,SpiceJet,BOM,DEL,2023-08-02 10:44,2023-08-02 10:59,2023-08-02 11:47,2023-08-02 11:58,RWY14,A321,Cancelled,15
UK653,Air India,BOM,IXC,2023-08-04 09:55,2023-08-04 10:05,2023-08-04 11:44,2023-08-04 11:49,RWY27,B737,Delayed,10
AI978,Air India,BOM,PNQ,2023-08-06 19:00,2023-08-06 19:00,2023-08-06 20:40,2023-08-06 20:49,RWY27,A321,On-time,0
6E170,IndiGo,BOM,CCU,2023-08-01 02:57,2023-08-01 03:02,2023-08-01 04:04,2023-08-01 04:15,RWY27,A321,On-time,5
G8858,SpiceJet,BOM,GOI,2023-08-03 11:06,2023-08-03 11:11,2023-08-03 12:44,2023-08-03 12:52,RWY27,A320,On-time,5
G8533,Vistara,BOM,GOI,2023-08-06 22:37,2023-08-06 22:42,2023-08-07 00:26,2023-08-07 00:29,RWY27,A320,On-time,5
AI430,IndiGo,BOM,GOI,2023-08-06 07:26,2023-08-06 07:31,2023-08-06 09:44,2023-08-06 09:57,RWY27,B737,On-time,5
6E194,Vistara,BOM,HYD,2023-08-07 21:51,2023-08-07 21:56,2023-08-07 23:15,2023-08-07 23:21,RWY14,A321,On-time,5
SG617,AirAsia,BOM,AMD,2023-08-06 05:51,2023-08-06 05:56,2023-08-06 08:18,2023-08-06 08:26,RWY27,A320,On-time,5
SG651,Air India,BOM,AMD,2023-08-06 10:27,2023-08-06 10:32,2023-08-06 12:12,2023-08-06 12:20,RWY14,A321,On-time,5
I5560,IndiGo,BOM,GOI,2023-08-03 18:52,2023-08-03 19:02,2023-08-03 20:15,2023-08-03 20:22,RWY27,ATR72,Delayed,10
AI862,AirAsia,BOM,DEL,2023-08-01 11:23,2023-08-01 11:33,2023-08-01 12:42,2023-08-01 12:48,RWY14,ATR72,Delayed,10
AI299,AirAsia,BOM,DEL,2023-08-06 22:54,2023-08-06 22:54,2023-08-07 00:43,2023-08-07 00:46,RWY14,B737,On-time,0
6E290,Vistara,BOM,DEL,2023-08-04 03:08,2023-08-04 04:08,2023-08-04 05:08,2023-08-04 06:11,RWY27,B737,Delayed,60
I5719,GoAir,BOM,IXC,2023-08-01 11:26,2023-08-01 11:26,2023-08-01 13:20,2023-08-01 13:16,RWY27,B737,Cancelled,0
6E522,Air India,BOM,AMD,2023-08-05 12:30,2023-08-05 12:40,2023-08-05 14:25,2023-08-05 14:31,RWY14,A321,Delayed,10
AI835,IndiGo,BOM,MAA,2023-08-01 04:22,2023-08-01 04:27,2023-08-01 05:22,2023-08-01 05:24,RWY27,B737,On-time,5
UK849,Air India,BOM,HYD,2023-08-05 05:09,2023-08-05 05:14,2023-08-05 06:50,2023-08-05 06:51,RWY14,A320,On-time,5
G8380,IndiGo,BOM,DEL,2023-08-06 15:01,2023-08-06 15:01,2023-08-06 17:29,2023-08-06 17:35,RWY14,A320,On-time,0
6E875,IndiGo,BOM,DEL,2023-08-04 00:46,2023-08-04 00:56,2023-08-04 01:52,2023-08-04 01:57,RWY14,B737,Delayed,10
G8250,Vistara,BOM,PNQ,2023-08-05 19:47,2023-08-05 19:47,2023-08-05 21:32,2023-08-05 21:34,RWY27,B737,On-time,0
6E320,IndiGo,BOM,MAA,2023-08-01 16:52,2023-08-01 17:07,2023-08-01 18:34,2023-08-01 18:53,RWY14,A320,Delayed,15
6E988,GoAir,BOM,GOI,2023-08-07 18:06,2023-08-07 19:06,2023-08-07 20:24,2023-08-07 21:29,RWY14,A321,Delayed,60
I5139,AirAsia,BOM,PNQ,2023-08-06 10:14,2023-08-06 10:29,2023-08-06 11:42,2023-08-06 12:07,RWY14,B737,Delayed,15
G8781,Vistara,BOM,MAA,2023-08-06 15:13,2023-08-06 15:18,2023-08-06 16:32,2023-08-06 16:33,RWY14,A320,On-time,5
G8402,Air India,BOM,MAA,2023-08-06 15:33,2023-08-06 15:33,2023-08-06 17:14,2023-08-06 17:22,RWY14,A320,On-time,0
AI584,GoAir,BOM,DEL,2023-08-02 18:43,2023-08-02 18:48,2023-08-02 21:09,2023-08-02 21:17,RWY27,B737,On-time,5
I5222,AirAsia,BOM,DEL,2023-08-05 11:38,2023-08-05 11:38,2023-08-05 12:51,2023-08-05 12:55,RWY27,B737,On-time,0
AI596,SpiceJet,BOM,MAA,2023-08-03 20:20,2023-08-03 21:20,2023-08-03 22:07,2023-08-03 23:17,RWY14,ATR72,Delayed,60
SG105,Air India,BOM,HYD,2023-08-03 01:26,2023-08-03 01:56,2023-08-03 03:50,2023-08-03 04:29,RWY27,ATR72,Delayed,30
6E865,Air India,BOM,HYD,2023-08-03 05:54,2023-08-03 05:59,2023-08-03 07:37,2023-08-03 07:46,RWY27,ATR72,On-time,5
I5895,Vistara,BOM,DEL,2023-08-03 22:01,2023-08-03 22:31,2023-08-03 23:08,2023-08-03 23:34,RWY27,ATR72,Delayed,30
SG746,SpiceJet,BOM,AMD,2023-08-04 15:10,2023-08-04 15:20,2023-08-04 16:19,2023-08-04 16:38,RWY14,A320,Delayed,10
G8916,Vistara,BOM,PNQ,2023-08-03 11:43,2023-08-03 11:58,2023-08-03 13:06,2023-08-03 13:23,RWY27,A321,Delayed,15
UK396,Air India,BOM,BLR,2023-08-07 23:11,2023-08-07 23:41,2023-08-08 00:42,2023-08-08 01:14,RWY14,A320,Delayed,30
UK132,SpiceJet,BOM,MAA,2023-08-03 19:20,2023-08-03 19:20,2023-08-03 21:00,2023-08-03 21:10,RWY27,A320,On-time,0
G8374,Vistara,BOM,PNQ,2023-08-04 22:02,2023-08-04 22:02,2023-08-04 23:47,2023-08-04 23:53,RWY14,B737,On-time,0
I5663,SpiceJet,BOM,BLR,2023-08-05 14:09,2023-08-05 14:14,2023-08-05 16:29,2023-08-05 16:32,RWY27,B737,On-time,5
I5987,SpiceJet,BOM,CCU,2023-08-07 21:22,2023-08-07 21:22,2023-08-07 22:23,2023-08-07 22:23,RWY14,A321,On-time,0
AI666,GoAir,BOM,DEL,2023-08-01 06:31,2023-08-01 06:46,2023-08-01 08:21,2023-08-01 08:36,RWY14,ATR72,Delayed,15
I5924,Vistara,BOM,HYD,2023-08-03 04:30,2023-08-03 04:30,2023-08-03 06:11,2023-08-03 06:19,RWY27,A320,On-time,0
I5255,Vistara,BOM,HYD,2023-08-03 07:16,2023-08-03 07:46,2023-08-03 09:43,2023-08-03 10:17,RWY14,ATR72,Delayed,30
UK388,AirAsia,BOM,AMD,2023-08-02 20:17,2023-08-02 20:17,2023-08-02 21:19,2023-08-02 21:17,RWY14,A321,On-time,0
6E595,AirAsia,BOM,AMD,2023-08-05 06:25,2023-08-05 06:40,2023-08-05 07:29,2023-08-05 07:46,RWY14,A320,Delayed,15
I5141,Air India,BOM,CCU,2023-08-04 20:53,2023-08-04 21:03,2023-08-04 22:06,2023-08-04 22:25,RWY14,A321,Delayed,10
6E832,Air India,BOM,BLR,2023-08-02 03:11,2023-08-02 03:26,2023-08-02 04:29,2023-08-02 04:48,RWY27,A321,Delayed,15
6E321,SpiceJet,BOM,IXC,2023-08-03 06:00,2023-08-03 06:00,2023-08-03 07:32,2023-08-03 07:29,RWY14,B737,On-time,0
6E706,IndiGo,BOM,MAA,2023-08-06 02:36,2023-08-06 02:36,2023-08-06 04:33,2023-08-06 04:39,RWY27,A321,On-time,0
G8486,Air India,BOM,AMD,2023-08-04 12:38,2023-08-04 12:38,2023-08-04 14:52,2023-08-04 14:47,RWY14,A320,On-time,0
AI356,SpiceJet,BOM,DEL,2023-08-01 14:57,2023-08-01 16:57,2023-08-01 16:59,2023-08-01 18:54,RWY14,A320,Delayed,120
AI181,Vistara,BOM,CCU,2023-08-03 10:24,2023-08-03 10:39,2023-08-03 11:50,2023-08-03 12:08,RWY14,A321,Delayed,15
6E649,AirAsia,BOM,MAA,2023-08-03 16:43,2023-08-03 16:48,2023-08-03 18:12,2023-08-03 18:24,RWY27,A321,On-time,5
G8985,SpiceJet,BOM,MAA,2023-08-02 17:48,2023-08-02 17:58,2023-08-02 19:26,2023-08-02 19:44,RWY14,ATR72,Delayed,10
UK280,AirAsia,BOM,MAA,2023-08-05 12:47,2023-08-05 12:52,2023-08-05 14:28,2023-08-05 14:39,RWY27,ATR72,On-time,5
I5964,GoAir,BOM,PNQ,2023-08-03 09:23,2023-08-03 09:33,2023-08-03 10:34,2023-08-03 10:52,RWY27,B737,Cancelled,10
6E377,IndiGo,BOM,CCU,2023-08-02 15:44,2023-08-02 15:44,2023-08-02 17:55,2023-08-02 18:02,RWY14,ATR72,On-time,0
G8376,Air India,BOM,HYD,2023-08-01 20:00,2023-08-01 20:05,2023-08-01 22:23,2023-08-01 22:31,RWY14,A321,On-time,5
I5770,SpiceJet,BOM,PNQ,2023-08-02 00:04,2023-08-02 00:34,2023-08-02 02:21,2023-08-02 02:48,RWY14,A320,Delayed,30
I5140,IndiGo,BOM,AMD,2023-08-07 15:27,2023-08-07 15:37,2023-08-07 17:09,2023-08-07 17:23,RWY14,B737,Delayed,10
SG442,Vistara,BOM,DEL,2023-08-06 05:08,2023-08-06 05:13,2023-08-06 06:50,2023-08-06 07:05,RWY14,A320,On-time,5
UK756,GoAir,BOM,HYD,2023-08-04 00:12,2023-08-04 00:27,2023-08-04 02:19,2023-08-04 02:37,RWY14,A321,Delayed,15
6E488,Air India,BOM,MAA,2023-08-04 09:55,2023-08-04 10:05,2023-08-04 12:14,2023-08-04 12:24,RWY14,A320,Delayed,10
I5487,Air India,BOM,BLR,2023-08-03 09:06,2023-08-03 09:16,2023-08-03 11:11,2023-08-03 11:29,RWY27,A321,Delayed,10
6E655,GoAir,BOM,GOI,2023-08-04 12:19,2023-08-04 12:19,2023-08-04 14:48,2023-08-04 14:46,RWY27,A320,On-time,0
UK884,GoAir,BOM,DEL,2023-08-06 21:54,2023-08-06 21:54,2023-08-06 22:59,2023-08-06 22:58,RWY27,A321,On-time,0
UK917,SpiceJet,BOM,DEL,2023-08-04 02:13,2023-08-04 02:13,2023-08-04 04:42,2023-08-04 04:48,RWY14,B737,On-time,0
I5524,SpiceJet,BOM,BLR,2023-08-01 10:30,2023-08-01 10:30,2023-08-01 12:37,2023-08-01 12:44,RWY14,ATR72,On-time,0
I5111,GoAir,BOM,PNQ,2023-08-07 16:56,2023-08-07 17:06,2023-08-07 17:57,2023-08-07 18:04,RWY27,B737,Delayed,10
UK176,AirAsia,BOM,PNQ,2023-08-01 13:02,2023-08-01 13:02,2023-08-01 14:25,2023-08-01 14:25,RWY27,A321,On-time,0
I5928,GoAir,BOM,HYD,2023-08-02 15:07,2023-08-02 15:07,2023-08-02 16:21,2023-08-02 16:22,RWY27,B737,On-time,0
UK522,GoAir,BOM,AMD,2023-08-02 12:48,2023-08-02 13:18,2023-08-02 14:03,2023-08-02 14:38,RWY14,A320,Delayed,30
SG416,SpiceJet,BOM,PNQ,2023-08-03 11:22,2023-08-03 11:22,2023-08-03 12:49,2023-08-03 12:51,RWY14,A320,On-time,0
I5602,Air India,BOM,AMD,2023-08-01 11:18,2023-08-01 11:28,2023-08-01 12:28,2023-08-01 12:40,RWY14,A320,Delayed,10
SG581,Air India,BOM,HYD,2023-08-01 22:52,2023-08-01 23:02,2023-08-02 00:11,2023-08-02 00:22,RWY14,A320,Delayed,10
